id,height,area,mz,rt,fermo:active,fermo:samples,fermo:samples:count,fermo:isblank,fermo:category:phylogroup,fermo:category:medium,fermo:networks:modified_cosine:network_id,fermo:networks:ms2deepscore:network_id,fermo:phenotype:qualitative,fermo:annotation:adducts,fermo:annotation:neutral_losses,fermo:annotation:matches:user_library_annotation,fermo:annotation:matches:ms2query_annotation,fermo:annotation:fragments
1,17000,2500,268.9976,1.88,true,5458_5457_mod.mzXML|5452_5451_mod.mzXML|D3_H3_mod.mzXML|5444_5443_mod.mzXML|5456_5455_mod.mzXML|5434_5433_mod.mzXML|5425_5426_mod.mzXML|5446_5445_mod.mzXML|5432_5431_mod2.mzXML|5440_5439_mod.mzXML,10,true,,,0.0,0.0,,,,,,
2,9600,1300,284.9716,1.93,true,5458_5457_mod.mzXML|5452_5451_mod.mzXML|D3_H3_mod.mzXML|5444_5443_mod.mzXML|5456_5455_mod.mzXML|5434_5433_mod.mzXML|5425_5426_mod.mzXML|5446_5445_mod.mzXML|5432_5431_mod2.mzXML|5440_5439_mod.mzXML,10,true,,,,,,,,,,
3,40000,8500,247.1276,3.57,true,5458_5457_mod.mzXML|5452_5451_mod.mzXML|5444_5443_mod.mzXML|5456_5455_mod.mzXML|5434_5433_mod.mzXML|5425_5426_mod.mzXML|5446_5445_mod.mzXML|5432_5431_mod2.mzXML|5440_5439_mod.mzXML,9,false,C|S|A2,AF,1.0,1.0,,[M+3+H]+(partner_ID=34;adduct=[M+H]+;m/z=244.1161),,,,"'Val-Glu(b2, [M+H]+)'(detected_fragment=229.1185;diff_ppm=1.0)|'Ile-Asp(b2, [M+H]+)'(detected_fragment=229.1185;diff_ppm=1.0)|'Leu-Asp(b2, [M+H]+)'(detected_fragment=229.1185;diff_ppm=1.0)|'Ala-Pip(b2, [M+H]+)'(detected_fragment=184.0937;diff_ppm=9.8)"
4,58000,9500,261.1439,5.57,true,5458_5457_mod.mzXML|5452_5451_mod.mzXML|5444_5443_mod.mzXML|5456_5455_mod.mzXML|5434_5433_mod.mzXML|5425_5426_mod.mzXML|5446_5445_mod.mzXML|5450_5449_mod.mzXML|5432_5431_mod2.mzXML|5440_5439_mod.mzXML,10,false,C|S|V2|A2,AF,1.0,2.0,,[M+NH4]+(partner_ID=36;adduct=[M+H]+;m/z=244.1163),"'Pyridine-derivatives(C5H5N, putatively from metabolite)'(detected_loss=79.0419;diff_ppm=3.8)",,,"'Ala-Val(b2, [M+H]+)'(detected_fragment=171.1138;diff_ppm=5.8)|'Gly-Ile(b2, [M+H]+)'(detected_fragment=171.1138;diff_ppm=5.8)|'Gly-Leu(b2, [M+H]+)'(detected_fragment=171.1138;diff_ppm=5.8)|'Ile-Glu(b2, [M+H]+)'(detected_fragment=243.1319;diff_ppm=8.3)|'Leu-Glu(b2, [M+H]+)'(detected_fragment=243.1319;diff_ppm=8.3)"
5,20000,3600,423.1959,5.82,true,5432_5431_mod2.mzXML|5458_5457_mod.mzXML|5440_5439_mod.mzXML|5434_5433_mod.mzXML,4,false,C|S|A2,AF,2.0,3.0,,,"'Leucine-methyloxazoline(ribosomal, putatively from AAs L-T)'(detected_loss=197.1279;diff_ppm=0.5)|'Isoleucine-methyloxazoline(ribosomal, putatively from AAs I-T)'(detected_loss=197.1279;diff_ppm=0.5)|'Leucine-methyloxazole(ribosomal, putatively from AAs L-T)'(detected_loss=195.1122;diff_ppm=4.1)|'Isoleucine-methyloxazole(ribosomal, putatively from AAs I-T)'(detected_loss=195.1122;diff_ppm=4.1)|'Phenylalanine(ribosomal, putatively from AAs F)'(detected_loss=147.0692;diff_ppm=8.2)",,'unknown'(score=0.7147;algorithm=ms2query;diff_mz=21.0139),"'Ile-Met(y2, [M+H]+)'(detected_fragment=263.1423;diff_ppm=0.3)|'Leu-Met(y2, [M+H]+)'(detected_fragment=263.1423;diff_ppm=0.3)|'Val-Phe(b2, [M+H]+)'(detected_fragment=247.144;diff_ppm=0.4)|'Ser-Ile(b2, [M+H]+)'(detected_fragment=201.1236;diff_ppm=1.1)|'Ser-Leu(b2, [M+H]+)'(detected_fragment=201.1236;diff_ppm=1.1)|'Val-Thr(b2, [M+H]+)'(detected_fragment=201.1236;diff_ppm=1.1)|'Ile-Dha(y2, [M+H]+)'(detected_fragment=201.1236;diff_ppm=1.2)|'Leu-Dha(y2, [M+H]+)'(detected_fragment=201.1236;diff_ppm=1.2)|'Val-Dhb(y2, [M+H]+)'(detected_fragment=201.1236;diff_ppm=1.2)|'Glu-Dhb(y2, [M+H]+)'(detected_fragment=231.0971;diff_ppm=1.9)|'Pro-Asp(y2, [M+H]+)'(detected_fragment=231.0971;diff_ppm=1.9)|'Thr-Glu(b2, [M+H]+)'(detected_fragment=231.0971;diff_ppm=1.9)|'Ser-Arg(y2, [M+H]+)'(detected_fragment=262.1519;diff_ppm=3.5)|'Ile-Glu(y2, [M+H]+)'(detected_fragment=261.1461;diff_ppm=6.2)|'Leu-Glu(y2, [M+H]+)'(detected_fragment=261.1461;diff_ppm=6.2)|'Asp-Pip(b2, [M+H]+)'(detected_fragment=228.0837;diff_ppm=8.7)"
6,70000,15000,261.1445,5.86,true,5458_5457_mod.mzXML|5452_5451_mod.mzXML|5444_5443_mod.mzXML|5456_5455_mod.mzXML|5434_5433_mod.mzXML|5425_5426_mod.mzXML|5446_5445_mod.mzXML|5432_5431_mod2.mzXML|5440_5439_mod.mzXML,9,false,C|S|A2,AF,1.0,2.0,,[M+NH4]+(partner_ID=37;adduct=[M+H]+;m/z=244.1164),"'Pyridine-derivatives(C5H5N, putatively from metabolite)'(detected_loss=79.0425;diff_ppm=3.8)",,,"'Ala-Val(b2, [M+H]+)'(detected_fragment=171.1138;diff_ppm=5.8)|'Gly-Ile(b2, [M+H]+)'(detected_fragment=171.1138;diff_ppm=5.8)|'Gly-Leu(b2, [M+H]+)'(detected_fragment=171.1138;diff_ppm=5.8)|'Ile-Glu(b2, [M+H]+)'(detected_fragment=243.1319;diff_ppm=8.3)|'Leu-Glu(b2, [M+H]+)'(detected_fragment=243.1319;diff_ppm=8.3)"
7,49000,7400,295.1282,6.34,true,5458_5457_mod.mzXML|5452_5451_mod.mzXML|5444_5443_mod.mzXML|5456_5455_mod.mzXML|5434_5433_mod.mzXML|5425_5426_mod.mzXML|5446_5445_mod.mzXML|5432_5431_mod2.mzXML|5440_5439_mod.mzXML,9,false,C|S|A2,AF,3.0,4.0,,,"'Glutamine(C5H10N2O3, putatively from metabolite)'(detected_loss=146.0692;diff_ppm=0.7)|'Pyroglutamic-acid(C5H7NO3, putatively from metabolite)'(detected_loss=129.0435;diff_ppm=7.0)",,,"'Tyr-Dha(b2, [M+H]+)'(detected_fragment=233.0923;diff_ppm=1.0)|'Gln-His(y2, [M+H]+)'(detected_fragment=284.1365;diff_ppm=4.1)|'Glu-Met(y2, [M+H]+)'(detected_fragment=279.1021;diff_ppm=4.2)|'Glu-Glu(y2, [M+H]+)'(detected_fragment=277.1051;diff_ppm=7.5)"
8,60000,8700,506.2034,6.47,true,5432_5431_mod2.mzXML|5440_5439_mod.mzXML,2,false,A2,AF,4.0,5.0,,,"'Trp-oxazole(ribosomal, putatively from AAs W-S)'(detected_loss=254.0918;diff_ppm=0.8)|'Trp-methyloxazole(ribosomal, putatively from AAs W-T)'(detected_loss=268.1092;diff_ppm=4.5)|'Phenylalanine(ribosomal, putatively from AAs F)'(detected_loss=147.0687;diff_ppm=4.8)|'Formic-acid(HCOOH, putatively from metabolite)'(detected_loss=46.0052;diff_ppm=6.5)",'Biarylitide YFH M+H'(score=0.99;algorithm=ms2deepscore;diff_mz=0.0014)|'Biarylitide YYH M+H'(score=0.98;algorithm=ms2deepscore;diff_mz=15.9946)|'Biarylitide YYH M+H'(score=0.78;algorithm=modified cosine;diff_mz=15.9946)|'Biarylitide YFH M+H'(score=0.77;algorithm=modified cosine;diff_mz=0.0014),,"'Gln-Trp(b2, [M+H]+)'(detected_fragment=315.1454;diff_ppm=0.7)|'Trp-Dha(y2, [M+H]+)'(detected_fragment=274.1183;diff_ppm=1.1)|'Ser-Trp(b2, [M+H]+)'(detected_fragment=274.1183;diff_ppm=1.2)|'His-Phe(b2, [M+H]+)'(detected_fragment=285.1332;diff_ppm=4.9)|'Ala-Glu(b2, [M+H]+)'(detected_fragment=201.0883;diff_ppm=6.6)|'Ile-Met(b2, [M+H]+)'(detected_fragment=245.1335;diff_ppm=6.8)|'Leu-Met(b2, [M+H]+)'(detected_fragment=245.1335;diff_ppm=6.8)|'Pro-Glu(b2, [M+H]+)'(detected_fragment=227.101;diff_ppm=7.2)|'Asp-His(b2, [M+H]+)'(detected_fragment=253.0951;diff_ppm=7.8)|'Gln-Pip(b2, [M+H]+)'(detected_fragment=241.1154;diff_ppm=8.5)|'Asn-Arg(b2, [M+H]+)'(detected_fragment=271.1487;diff_ppm=9.7)|'Asn-His(b2, [M+H]+)'(detected_fragment=252.1116;diff_ppm=9.8)"
9,85000,16000,364.1614,6.57,true,5432_5431_mod2.mzXML|5440_5439_mod.mzXML|5434_5433_mod.mzXML|5450_5449_mod.mzXML,4,false,S|V2|A2,AF,5.0,6.0,,,,'KF 77AG6 M+H'(score=0.98;algorithm=modified cosine;diff_mz=2.0286)|'Chymostatin B M+H'(score=0.73;algorithm=modified cosine;diff_mz=230.1406),,"'Ala-Glu(b2, [M+H]+)'(detected_fragment=201.0876;diff_ppm=3.1)"
10,13000,3100,190.0481,7.78,true,5432_5431_mod2.mzXML|5440_5439_mod.mzXML,2,false,A2,AF,6.0,7.0,,,"'Carbon-monoxide(CO, putatively from metabolite)'(detected_loss=27.995;diff_ppm=3.6)",,,
11,7000,1100,194.1156,8.19,true,5432_5431_mod2.mzXML|5440_5439_mod.mzXML,2,false,A2,AF,7.0,8.0,,,"'Acetic-acid(CH3COOH, putatively from metabolite)'(detected_loss=60.0212;diff_ppm=1.7)",,,
12,110000,24000,596.3193,9.11,true,5432_5431_mod2.mzXML|5440_5439_mod.mzXML|5434_5433_mod.mzXML|5450_5449_mod.mzXML,4,false,S|V2|A2,AF,5.0,9.0,,,,'GE-20372-A/B M+H'(score=0.98;algorithm=ms2deepscore;diff_mz=15.9937)|'Chymostatin B M+H'(score=0.93;algorithm=modified cosine;diff_mz=2.0173)|'Chymostatinol A M+H'(score=0.93;algorithm=ms2deepscore;diff_mz=0.0033)|'Chymostatinol A M+H'(score=0.91;algorithm=modified cosine;diff_mz=0.0033)|'Antipain M+H'(score=0.9;algorithm=ms2deepscore;diff_mz=293.1403)|'GE-20372-A/B M+H'(score=0.89;algorithm=modified cosine;diff_mz=15.9937)|'Chymostatinol B M+H'(score=0.87;algorithm=modified cosine;diff_mz=14.0077)|'Chymostatin B M+H'(score=0.83;algorithm=ms2deepscore;diff_mz=2.0173),'Chymostatinol A'(score=0.8708;algorithm=ms2query;diff_mz=0.0033),"'His-Orn(b2, [M+H]+)'(detected_fragment=252.1452;diff_ppm=1.2)|'Pro-Arg(b2, [M+H]+)'(detected_fragment=254.159;diff_ppm=8.5)"
13,110000,44000,610.3346,9.55,true,5432_5431_mod2.mzXML|5440_5439_mod.mzXML|5434_5433_mod.mzXML|5450_5449_mod.mzXML,4,false,S|V2|A2,AF,5.0,9.0,,[M+H2O+H]+(partner_ID=70;adduct=[M+H]+;m/z=592.3234)|[M+2H]2+(partner_ID=73;adduct=[2M+H]+;m/z=1219.6579),,'Chymostatin A/C M+H'(score=0.93;algorithm=ms2deepscore;diff_mz=2.0236)|'Chymostatinol B M+H'(score=0.93;algorithm=ms2deepscore;diff_mz=0.0076)|'Chymostatinol A M+H'(score=0.9;algorithm=modified cosine;diff_mz=14.0186)|'Chymostatin B M+H'(score=0.87;algorithm=ms2deepscore;diff_mz=16.0326)|'Chymostatinol B M+H'(score=0.85;algorithm=modified cosine;diff_mz=0.0076)|'Chymostatinol A M+H'(score=0.85;algorithm=ms2deepscore;diff_mz=14.0186)|'GE-20372-A/B M+H'(score=0.84;algorithm=ms2deepscore;diff_mz=1.9784)|'Antipain M+H'(score=0.81;algorithm=ms2deepscore;diff_mz=307.1556)|'Chymostatin B M+H'(score=0.78;algorithm=modified cosine;diff_mz=16.0326)|'Chymostatin A/C M+H'(score=0.77;algorithm=modified cosine;diff_mz=2.0236),,"'Lys-His(b2, [M+H]+)'(detected_fragment=266.1631;diff_ppm=7.3)"
14,38000,5600,596.3175,9.66,true,5432_5431_mod2.mzXML|5440_5439_mod.mzXML|5434_5433_mod.mzXML|5450_5449_mod.mzXML,4,false,S|V2|A2,AF,5.0,9.0,,,,'GE-20372-A/B M+H'(score=0.98;algorithm=ms2deepscore;diff_mz=15.9955)|'Chymostatin B M+H'(score=0.93;algorithm=modified cosine;diff_mz=2.0155)|'Chymostatinol A M+H'(score=0.93;algorithm=ms2deepscore;diff_mz=0.0015)|'Chymostatinol A M+H'(score=0.91;algorithm=modified cosine;diff_mz=0.0015)|'Antipain M+H'(score=0.91;algorithm=ms2deepscore;diff_mz=293.1385)|'GE-20372-A/B M+H'(score=0.89;algorithm=modified cosine;diff_mz=15.9955)|'Chymostatinol B M+H'(score=0.87;algorithm=modified cosine;diff_mz=14.0095)|'Chymostatin B M+H'(score=0.83;algorithm=ms2deepscore;diff_mz=2.0155)|'KF 77AG6 M+H'(score=0.72;algorithm=modified cosine;diff_mz=230.1275),'Chymostatinol A'(score=0.8523;algorithm=ms2query;diff_mz=0.0015),"'His-Orn(b2, [M+H]+)'(detected_fragment=252.1449;diff_ppm=2.3)|'Pro-Arg(y2, [M+H]+)'(detected_fragment=272.1703;diff_ppm=5.2)"
15,94000,21000,610.334,10.11,true,5432_5431_mod2.mzXML|5440_5439_mod.mzXML|5434_5433_mod.mzXML|5450_5449_mod.mzXML,4,false,S|V2|A2,AF,5.0,9.0,,,,'Chymostatinol A M+H'(score=0.91;algorithm=modified cosine;diff_mz=14.018)|'Chymostatin A/C M+H'(score=0.91;algorithm=ms2deepscore;diff_mz=2.023)|'Chymostatinol B M+H'(score=0.9;algorithm=ms2deepscore;diff_mz=0.007)|'Chymostatinol B M+H'(score=0.86;algorithm=modified cosine;diff_mz=0.007)|'GE-20372-A/B M+H'(score=0.86;algorithm=ms2deepscore;diff_mz=1.979)|'Chymostatinol A M+H'(score=0.86;algorithm=ms2deepscore;diff_mz=14.018)|'Chymostatin B M+H'(score=0.85;algorithm=ms2deepscore;diff_mz=16.032)|'Antipain M+H'(score=0.82;algorithm=ms2deepscore;diff_mz=307.155)|'Chymostatin B M+H'(score=0.79;algorithm=modified cosine;diff_mz=16.032)|'Chymostatin A/C M+H'(score=0.78;algorithm=modified cosine;diff_mz=2.023)|'KF 77AG6 M+H'(score=0.74;algorithm=modified cosine;diff_mz=244.144),,"'Lys-His(b2, [M+H]+)'(detected_fragment=266.1602;diff_ppm=3.6)"
16,55000,11000,255.0638,10.78,true,5458_5457_mod.mzXML|5452_5451_mod.mzXML|D3_H3_mod.mzXML|5444_5443_mod.mzXML|5456_5455_mod.mzXML|5434_5433_mod.mzXML|5425_5426_mod.mzXML|5446_5445_mod.mzXML|5450_5449_mod.mzXML|5432_5431_mod2.mzXML|5440_5439_mod.mzXML,11,true,,,5.0,10.0,,,'Ethenedione(C2O2)'(detected_loss=55.9895;diff_ppm=5.4),,,"'Dha-Dha(y2, [M+H]+)'(detected_fragment=157.0602;diff_ppm=3.6)|'Ser-Dha(b2, [M+H]+)'(detected_fragment=157.0602;diff_ppm=3.6)|'Asp-Dha(b2, [M+H]+)'(detected_fragment=185.055;diff_ppm=3.7)|'Cys-Asp(y2, [M+H]+)'(detected_fragment=237.0526;diff_ppm=5.8)|'Ala-Ala(b2, [M+H]+)'(detected_fragment=143.0801;diff_ppm=9.8)|'Thr-Dha(b2, [M+H]+)'(detected_fragment=171.0781;diff_ppm=9.8)|'Ser-Dhb(b2, [M+H]+)'(detected_fragment=171.0781;diff_ppm=9.9)|'Dha-Dhb(y2, [M+H]+)'(detected_fragment=171.0781;diff_ppm=9.9)"
17,14000,3600,285.0751,10.87,true,5458_5457_mod.mzXML|5452_5451_mod.mzXML|5444_5443_mod.mzXML|5434_5433_mod.mzXML|5425_5426_mod.mzXML|5450_5449_mod.mzXML|5432_5431_mod2.mzXML|5440_5439_mod.mzXML,8,false,C|S|V2|A2,AF,8.0,11.0,,,"'Acetic-acid(CH3COOH, putatively from metabolite)'(detected_loss=60.0216;diff_ppm=8.3)",,'Glycitein'(score=0.8373;algorithm=ms2query;diff_mz=0.0009),
18,11000,1600,959.5185,12.34,true,5458_5457_mod.mzXML|5452_5451_mod.mzXML|D3_H3_mod.mzXML|5444_5443_mod.mzXML|5456_5455_mod.mzXML|5434_5433_mod.mzXML|5425_5426_mod.mzXML|5446_5445_mod.mzXML|5432_5431_mod2.mzXML|5440_5439_mod.mzXML,10,true,,,9.0,12.0,,,,,'Soyasaponin Ba'(score=0.8719;algorithm=ms2query;diff_mz=0.0025),"'Ser-His(b2, [M+H]+)'(detected_fragment=225.0988;diff_ppm=2.6)|'His-Dha(y2, [M+H]+)'(detected_fragment=225.0988;diff_ppm=2.6)|'Ile-Leu(y2, [M+H]+)'(detected_fragment=245.1879;diff_ppm=7.9)|'Ile-Ile(y2, [M+H]+)'(detected_fragment=245.1879;diff_ppm=7.9)|'Leu-Leu(y2, [M+H]+)'(detected_fragment=245.1879;diff_ppm=7.9)"
19,28000,5000,271.0597,12.38,true,5452_5451_mod.mzXML|5456_5455_mod.mzXML|5434_5433_mod.mzXML|5446_5445_mod.mzXML|5450_5449_mod.mzXML|5432_5431_mod2.mzXML|5440_5439_mod.mzXML,7,false,S|V2|A2,AF,5.0,11.0,,,"'Carbon-dioxide(CO2, putatively from metabolite)'(detected_loss=43.9898;diff_ppm=0.0)|'Ethenone(H2C=C=O, putatively from metabolite)'(detected_loss=42.0109;diff_ppm=7.1)",,'Genistein'(score=0.8509;algorithm=ms2query;diff_mz=0.0003),"'Pip-Dha(b2, [M+H]+)'(detected_fragment=182.0769;diff_ppm=3.6)|'Gly-Asp(b2, [M+H]+)'(detected_fragment=173.0568;diff_ppm=6.5)|'Cys-Pip(b2, [M+H]+)'(detected_fragment=216.066;diff_ppm=9.4)"
20,57000,15000,943.5243,12.58,true,5458_5457_mod.mzXML|5452_5451_mod.mzXML|D3_H3_mod.mzXML|5444_5443_mod.mzXML|5456_5455_mod.mzXML|5434_5433_mod.mzXML|5425_5426_mod.mzXML|5446_5445_mod.mzXML|5450_5449_mod.mzXML|5432_5431_mod2.mzXML|5440_5439_mod.mzXML,11,true,,,9.0,12.0,,,,,'Soyasaponin I'(score=0.8892;algorithm=ms2query;diff_mz=0.0013),"'Ile-Leu(b2, [M+H]+)'(detected_fragment=227.1771;diff_ppm=7.5)|'Ile-Ile(b2, [M+H]+)'(detected_fragment=227.1771;diff_ppm=7.5)|'Leu-Leu(b2, [M+H]+)'(detected_fragment=227.1771;diff_ppm=7.5)"
21,30000,6400,913.5135,12.91,true,5458_5457_mod.mzXML|5452_5451_mod.mzXML|D3_H3_mod.mzXML|5444_5443_mod.mzXML|5456_5455_mod.mzXML|5434_5433_mod.mzXML|5425_5426_mod.mzXML|5446_5445_mod.mzXML|5450_5449_mod.mzXML|5432_5431_mod2.mzXML|5440_5439_mod.mzXML,11,true,,,9.0,12.0,,,,,'Soyasapogenol B base + O-HexA-Pen-dHex'(score=0.9128;algorithm=ms2query;diff_mz=0.0005),"'Ile-Leu(y2, [M+H]+)'(detected_fragment=245.1882;diff_ppm=9.1)|'Ile-Ile(y2, [M+H]+)'(detected_fragment=245.1882;diff_ppm=9.1)|'Leu-Leu(y2, [M+H]+)'(detected_fragment=245.1882;diff_ppm=9.1)|'Glu-Met(y2, [M+H]+)'(detected_fragment=279.1035;diff_ppm=9.2)"
22,21000,3800,797.4668,13.15,true,5458_5457_mod.mzXML|5452_5451_mod.mzXML|D3_H3_mod.mzXML|5444_5443_mod.mzXML|5456_5455_mod.mzXML|5434_5433_mod.mzXML|5425_5426_mod.mzXML|5446_5445_mod.mzXML|5450_5449_mod.mzXML|5432_5431_mod2.mzXML|5440_5439_mod.mzXML,11,true,,,9.0,12.0,,,,,,
23,33000,12000,312.2637,17.49,true,5444_5443_mod.mzXML|5440_5439_mod.mzXML|5434_5433_mod.mzXML|5452_5451_mod.mzXML,4,false,C|S|A2,AF,10.0,13.0,,,,,,
30,6500,670,300.9452,1.97,true,5432_5431_mod2.mzXML|5434_5433_mod.mzXML,2,false,S|A2,AF,11.0,0.0,,,,,,
31,18000,3000,365.1047,2.08,true,5458_5457_mod.mzXML|5452_5451_mod.mzXML|D3_H3_mod.mzXML|5444_5443_mod.mzXML|5456_5455_mod.mzXML|5434_5433_mod.mzXML|5425_5426_mod.mzXML|5446_5445_mod.mzXML|5432_5431_mod2.mzXML,9,true,,,12.0,6.0,,,,,'Melibiose'(score=0.7416;algorithm=ms2query;diff_mz=0.0003),
32,7100,1200,381.0786,2.08,true,5432_5431_mod2.mzXML|5458_5457_mod.mzXML|5434_5433_mod.mzXML,3,false,C|S|A2,AF,12.0,6.0,,,,,,
33,6800,820,247.1271,2.63,true,5432_5431_mod2.mzXML|5458_5457_mod.mzXML,2,false,C|A2,AF,1.0,1.0,,,,,,"'Pro-Gln(b2, [M+H]+)'(detected_fragment=226.1187;diff_ppm=0.4)|'Phe-Dhb(b2, [M+H]+)'(detected_fragment=231.1115;diff_ppm=5.6)"
34,5400,1400,244.1161,3.72,true,5432_5431_mod2.mzXML,1,false,A2,AF,13.0,14.0,,[M+H]+(partner_ID=3;adduct=[M+3+H]+;m/z=247.1276),,,,
35,8900,1500,542.2548,5.14,true,5432_5431_mod2.mzXML,1,false,A2,AF,14.0,15.0,,,"'Phe-methyloxazoline(ribosomal, putatively from AAs F-T)'(detected_loss=231.1126;diff_ppm=2.6)|'Pyrazoline-derived(C3H6N2)'(detected_loss=70.0354;diff_ppm=4.3)|'Tyr-oxazoline(ribosomal, putatively from AAs Y-S)'(detected_loss=233.0909;diff_ppm=4.7)|'Asp-thiazoline(ribosomal, putatively from AAs D-C)'(detected_loss=201.0319;diff_ppm=5.5)|'Pro-methyloxazole(ribosomal, putatively from AAs P-T)'(detected_loss=179.0834;diff_ppm=7.8)",'Biarylitide YFH M+H'(score=0.82;algorithm=ms2deepscore;diff_mz=36.0528),,"'Ala-Dhb(b2, [M+H]+)'(detected_fragment=155.0813;diff_ppm=1.2)|'Gly-Pro(b2, [M+H]+)'(detected_fragment=155.0813;diff_ppm=1.3)|'Pro-Thr(y2, [M+H]+)'(detected_fragment=217.1186;diff_ppm=1.5)|'Asn-Met(b2, [M+H]+)'(detected_fragment=246.0911;diff_ppm=1.6)|'Gly-Glu(b2, [M+H]+)'(detected_fragment=187.0717;diff_ppm=2.0)|'Ala-Asp(b2, [M+H]+)'(detected_fragment=187.0717;diff_ppm=2.0)|'Ser-Tyr(y2, [M+H]+)'(detected_fragment=269.1125;diff_ppm=2.6)|'Ala-Pro(b2, [M+H]+)'(detected_fragment=169.0967;diff_ppm=2.7)|'Val-Dha(b2, [M+H]+)'(detected_fragment=169.0967;diff_ppm=2.7)|'His-Phe(b2, [M+H]+)'(detected_fragment=285.1336;diff_ppm=3.5)|'Asp-Pip(y2, [M+H]+)'(detected_fragment=246.0911;diff_ppm=4.8)|'Lys-Trp(b2, [M+H]+)'(detected_fragment=315.1799;diff_ppm=5.2)|'Gln-Glu(b2, [M+H]+)'(detected_fragment=258.107;diff_ppm=5.6)|'Asp-Orn(b2, [M+H]+)'(detected_fragment=230.1122;diff_ppm=5.7)|'Gln-Dhb(y2, [M+H]+)'(detected_fragment=230.1122;diff_ppm=5.7)|'Pro-Asn(y2, [M+H]+)'(detected_fragment=230.1122;diff_ppm=5.8)|'Thr-Gln(b2, [M+H]+)'(detected_fragment=230.1122;diff_ppm=5.8)|'Pro-Gln(b2, [M+H]+)'(detected_fragment=226.1173;diff_ppm=5.8)|'Pro-Asp(b2, [M+H]+)'(detected_fragment=213.0885;diff_ppm=7.1)|'Glu-Dhb(b2, [M+H]+)'(detected_fragment=213.0885;diff_ppm=7.2)"
36,6500,910,244.1163,5.54,true,5432_5431_mod2.mzXML|5458_5457_mod.mzXML,2,false,C|A2,AF,15.0,16.0,,[M+H]+(partner_ID=4;adduct=[M+NH4]+;m/z=261.1439),,,,"'Ala-Pip(b2, [M+H]+)'(detected_fragment=184.0919;diff_ppm=0.1)"
37,9300,1400,244.1164,5.85,true,5458_5457_mod.mzXML|5452_5451_mod.mzXML|5456_5455_mod.mzXML|5434_5433_mod.mzXML|5432_5431_mod2.mzXML,5,false,C|S|A2,AF,16.0,17.0,,[M+H]+(partner_ID=6;adduct=[M+NH4]+;m/z=261.1445),,,,
38,5700,670,396.1582,7.81,true,5432_5431_mod2.mzXML,1,false,A2,AF,17.0,18.0,,,,,,"'Met-Dhb(b2, [M+H]+)'(detected_fragment=215.0842;diff_ppm=3.1)|'Asp-Pip(y2, [M+H]+)'(detected_fragment=246.0932;diff_ppm=3.7)|'Ala-Trp(b2, [M+H]+)'(detected_fragment=258.1248;diff_ppm=4.3)|'Ser-Cys(b2, [M+H]+)'(detected_fragment=191.0494;diff_ppm=4.7)|'Cys-Dha(y2, [M+H]+)'(detected_fragment=191.0494;diff_ppm=4.8)|'Trp-Dhb(y2, [M+H]+)'(detected_fragment=288.1317;diff_ppm=8.9)|'Thr-Trp(b2, [M+H]+)'(detected_fragment=288.1317;diff_ppm=8.9)"
39,8700,1300,1269.6091,8.21,true,5432_5431_mod2.mzXML|5458_5457_mod.mzXML|5434_5433_mod.mzXML,3,false,C|S|A2,AF,9.0,12.0,,,,,,"'Val-Val(b2, [M+H]+)'(detected_fragment=199.1437;diff_ppm=2.0)|'Ile-Leu(b2, [M+H]+)'(detected_fragment=227.1764;diff_ppm=4.4)|'Ile-Ile(b2, [M+H]+)'(detected_fragment=227.1764;diff_ppm=4.4)|'Leu-Leu(b2, [M+H]+)'(detected_fragment=227.1764;diff_ppm=4.4)"
40,8100,1100,346.15,8.6,true,5432_5431_mod2.mzXML,1,false,A2,AF,18.0,15.0,,,"'Arginine(ribosomal, putatively from AAs R)'(detected_loss=156.1014;diff_ppm=2.6)|'D-mycosamine(C6H13NO4, putatively from glycoside)'(detected_loss=145.073;diff_ppm=6.2)",'KF 77AG6 M+H'(score=0.84;algorithm=ms2deepscore;diff_mz=20.04),,"'Pip-Pip(y2, [M+H]+)'(detected_fragment=243.1113;diff_ppm=6.3)|'Pip-Pip(b2, [M+H]+)'(detected_fragment=225.104;diff_ppm=7.6)|'Ala-Trp(y2, [M+H]+)'(detected_fragment=276.132;diff_ppm=8.2)|'Gln-Phe(b2, [M+H]+)'(detected_fragment=276.132;diff_ppm=8.2)"
41,12000,1900,1107.5554,8.85,true,5458_5457_mod.mzXML|5452_5451_mod.mzXML|5444_5443_mod.mzXML|5456_5455_mod.mzXML|5434_5433_mod.mzXML|5425_5426_mod.mzXML|5446_5445_mod.mzXML|5450_5449_mod.mzXML|5432_5431_mod2.mzXML,9,false,C|S|V2|A2,AF,9.0,12.0,,,,,"'Soyasapogenol B base + O-DDMP, O-HexA-HexA'(score=0.7155;algorithm=ms2query;diff_mz=170.0764)","'Cys-His(y2, [M+H]+)'(detected_fragment=259.0836;diff_ppm=9.0)|'Ala-Val(b2, [M+H]+)'(detected_fragment=171.1145;diff_ppm=9.9)|'Gly-Ile(b2, [M+H]+)'(detected_fragment=171.1145;diff_ppm=9.9)|'Gly-Leu(b2, [M+H]+)'(detected_fragment=171.1145;diff_ppm=9.9)"
42,6500,880,493.1202,10.75,true,5432_5431_mod2.mzXML,1,false,A2,AF,19.0,19.0,,,"'O-methyl-L-amicetose(C7H14O3, putatively from glycoside)'(detected_loss=128.0837;diff_ppm=0.2)|'4-O-methyl-L-rhodinose(C7H14O3, putatively from glycoside)'(detected_loss=128.0837;diff_ppm=0.2)|'Met-thiazoline(ribosomal, putatively from AAs M-C)'(detected_loss=217.0478;diff_ppm=8.3)",,,"'Gln-Met(b2, [M+H]+)'(detected_fragment=260.1062;diff_ppm=0.6)|'Asn-Met(b2, [M+H]+)'(detected_fragment=246.0891;diff_ppm=6.5)|'Glu-Pip(y2, [M+H]+)'(detected_fragment=260.1062;diff_ppm=6.7)|'Ala-Trp(b2, [M+H]+)'(detected_fragment=258.1212;diff_ppm=9.7)"
43,5600,840,277.0812,11.43,true,5432_5431_mod2.mzXML,1,false,A2,AF,6.0,20.0,,,,,,
44,9800,1700,274.2734,11.84,true,5458_5457_mod.mzXML|5452_5451_mod.mzXML|5456_5455_mod.mzXML|5434_5433_mod.mzXML|5425_5426_mod.mzXML|5446_5445_mod.mzXML|5432_5431_mod2.mzXML,7,false,C|S|A2,AF,20.0,21.0,,,,,,
45,8300,1400,445.0614,13.09,true,5432_5431_mod2.mzXML,1,false,A2,AF,21.0,22.0,,,"'Cys-methyloxazoline(ribosomal, putatively from AAs C-T)'(detected_loss=187.0522;diff_ppm=4.3)|'2-oxobutyric acid(ribosomal, putatively from AAs NH2-T)'(detected_loss=86.0367;diff_ppm=8.1)|'D-digitoxose(C6H12O4, putatively from glycoside)'(detected_loss=130.0642;diff_ppm=9.3)|'L-digitoxose(C6H12O4, putatively from glycoside)'(detected_loss=130.0642;diff_ppm=9.3)|'2-deoxy-L-fucose(C6H12O4, putatively from glycoside)'(detected_loss=130.0642;diff_ppm=9.3)|'D-olivose (C6H12O4, putatively from glycoside)'(detected_loss=130.0642;diff_ppm=9.3)|'D-oliose(C6H12O4, putatively from glycoside)'(detected_loss=130.0642;diff_ppm=9.3)|'L-boivinose (esperamicin A1 sugar 1)(C6H12O4, putatively from glycoside)'(detected_loss=130.0642;diff_ppm=9.3)|'Thr-thiazoline(ribosomal, putatively from AAs T-C)'(detected_loss=187.0522;diff_ppm=9.6)",,,
46,18000,3500,269.0801,13.35,true,5458_5457_mod.mzXML|5452_5451_mod.mzXML|5444_5443_mod.mzXML|5456_5455_mod.mzXML|5434_5433_mod.mzXML|5425_5426_mod.mzXML|5432_5431_mod2.mzXML,7,false,C|S|A2,AF,22.0,10.0,,,,,'6-hydroxy-2-(4-methoxyphenyl)-4H-chromen-4-one'(score=0.7614;algorithm=ms2query;diff_mz=0.0001),"'Asp-Dhb(b2, [M+H]+)'(detected_fragment=199.0708;diff_ppm=2.6)|'Glu-Dha(b2, [M+H]+)'(detected_fragment=199.0708;diff_ppm=2.7)|'Pro-Asp(b2, [M+H]+)'(detected_fragment=213.0882;diff_ppm=5.7)|'Glu-Dhb(b2, [M+H]+)'(detected_fragment=213.0882;diff_ppm=5.8)"
47,9800,1700,941.5078,13.7,true,5458_5457_mod.mzXML|5452_5451_mod.mzXML|5456_5455_mod.mzXML|5434_5433_mod.mzXML|5432_5431_mod2.mzXML,5,false,C|S|A2,AF,9.0,12.0,,,"'D-fucofuranose(C6H12O5, putatively from glycoside)'(detected_loss=146.0593;diff_ppm=9.5)|'D-fucose(C6H12O5, putatively from glycoside)'(detected_loss=146.0593;diff_ppm=9.5)|'L-rhamnose(C6H12O5, putatively from glycoside)'(detected_loss=146.0593;diff_ppm=9.5)|'L-quinovose(C6H12O5, putatively from glycoside)'(detected_loss=146.0593;diff_ppm=9.5)",,,"'Ile-Leu(y2, [M+H]+)'(detected_fragment=245.1865;diff_ppm=2.2)|'Ile-Ile(y2, [M+H]+)'(detected_fragment=245.1865;diff_ppm=2.2)|'Leu-Leu(y2, [M+H]+)'(detected_fragment=245.1865;diff_ppm=2.2)|'Val-Ile(y2, [M+H]+)'(detected_fragment=231.1687;diff_ppm=7.0)|'Val-Leu(y2, [M+H]+)'(detected_fragment=231.1687;diff_ppm=7.0)"
48,17000,3300,415.2096,15.95,true,5458_5457_mod.mzXML|5452_5451_mod.mzXML|D3_H3_mod.mzXML|5456_5455_mod.mzXML|5434_5433_mod.mzXML|5432_5431_mod2.mzXML,6,true,,,23.0,23.0,,[M+H]+(partner_ID=131;adduct=[M+Na]+;m/z=437.1913),"'Arg-oxazole(ribosomal, putatively from AAs R-S)'(detected_loss=224.1121;diff_ppm=8.5)",,,"'Ala-Dhb(y2, [M+H]+)'(detected_fragment=173.0915;diff_ppm=3.2)|'Gly-Pro(y2, [M+H]+)'(detected_fragment=173.0915;diff_ppm=3.2)|'Ala-Thr(b2, [M+H]+)'(detected_fragment=173.0915;diff_ppm=3.3)|'Met-Phe(b2, [M+H]+)'(detected_fragment=279.1176;diff_ppm=5.1)"
49,8400,1100,515.007,1.86,true,5425_5426_mod.mzXML|5456_5455_mod.mzXML|5452_5451_mod.mzXML|D3_H3_mod.mzXML,4,true,,,24.0,11.0,,,,,,
50,5500,1000,311.1229,4.18,true,5425_5426_mod.mzXML|5458_5457_mod.mzXML,2,false,C,AF,3.0,24.0,,,"'L-cinerulose B( C6H10O4, putatively from glycoside)'(detected_loss=128.0464;diff_ppm=7.4)",,,"'Pip-Dha(b2, [M+H]+)'(detected_fragment=182.0763;diff_ppm=0.3)|'Asn-Dha(y2, [M+H]+)'(detected_fragment=202.0811;diff_ppm=5.6)|'Ser-Asn(b2, [M+H]+)'(detected_fragment=202.0811;diff_ppm=5.6)"
51,7400,940,518.3179,5.72,true,5425_5426_mod.mzXML|5458_5457_mod.mzXML,2,false,C,AF,1.0,2.0,,,,,,"'Gln-His(y2, [M+H]+)'(detected_fragment=284.136;diff_ppm=2.4)|'Val-Dhb(b2, [M+H]+)'(detected_fragment=183.1111;diff_ppm=9.2)|'Ile-Dha(b2, [M+H]+)'(detected_fragment=183.1111;diff_ppm=9.3)|'Leu-Dha(b2, [M+H]+)'(detected_fragment=183.1111;diff_ppm=9.3)|'Pip-Dha(b2, [M+H]+)'(detected_fragment=182.078;diff_ppm=9.7)"
52,12000,2000,499.3231,5.93,true,5425_5426_mod.mzXML,1,false,C,AF,1.0,25.0,,,"'4-O-acetyl-L-arcanose(C10H18O5, putatively from glycoside)'(detected_loss=200.1059;diff_ppm=5.2)",,,"'Ser-Pro(b2, [M+H]+)'(detected_fragment=185.0922;diff_ppm=0.7)|'Pro-Dha(y2, [M+H]+)'(detected_fragment=185.0922;diff_ppm=0.8)|'Thr-Dhb(b2, [M+H]+)'(detected_fragment=185.0922;diff_ppm=0.8)|'Dhb-Dhb(y2, [M+H]+)'(detected_fragment=185.0922;diff_ppm=0.9)|'Thr-Tyr(y2, [M+H]+)'(detected_fragment=283.1303;diff_ppm=5.1)|'Val-Dhb(y2, [M+H]+)'(detected_fragment=201.1221;diff_ppm=6.2)|'Ile-Dha(y2, [M+H]+)'(detected_fragment=201.1221;diff_ppm=6.3)|'Leu-Dha(y2, [M+H]+)'(detected_fragment=201.1221;diff_ppm=6.3)|'Ser-Ile(b2, [M+H]+)'(detected_fragment=201.1221;diff_ppm=6.3)|'Ser-Leu(b2, [M+H]+)'(detected_fragment=201.1221;diff_ppm=6.3)|'Val-Thr(b2, [M+H]+)'(detected_fragment=201.1221;diff_ppm=6.3)"
53,6900,880,303.1543,7.17,true,5425_5426_mod.mzXML,1,false,C,AF,1.0,2.0,,,"'Ethenone(H2C=C=O, putatively from metabolite)'(detected_loss=42.0108;diff_ppm=4.8)|'Dhb-oxazole(ribosomal, putatively from AAs T-S)'(detected_loss=151.0515;diff_ppm=9.9)|'Dha-methyloxazole(ribosomal, putatively from AAs S/C-T)'(detected_loss=151.0515;diff_ppm=9.9)",,,"'Ile-Glu(y2, [M+H]+)'(detected_fragment=261.1435;diff_ppm=3.8)|'Leu-Glu(y2, [M+H]+)'(detected_fragment=261.1435;diff_ppm=3.8)"
54,7500,1200,303.1543,7.39,true,5425_5426_mod.mzXML,1,false,C,AF,1.0,2.0,,,"'Ethenone(H2C=C=O, putatively from metabolite)'(detected_loss=42.0108;diff_ppm=4.8)|'Dhb-oxazole(ribosomal, putatively from AAs T-S)'(detected_loss=151.0515;diff_ppm=9.9)|'Dha-methyloxazole(ribosomal, putatively from AAs S/C-T)'(detected_loss=151.0515;diff_ppm=9.9)",,,"'Ile-Glu(y2, [M+H]+)'(detected_fragment=261.1435;diff_ppm=3.8)|'Leu-Glu(y2, [M+H]+)'(detected_fragment=261.1435;diff_ppm=3.8)"
55,6700,930,945.5032,9.34,true,5425_5426_mod.mzXML|5444_5443_mod.mzXML|5452_5451_mod.mzXML|5456_5455_mod.mzXML,4,false,C|S,AF,9.0,12.0,,,,,,"'Ser-His(y2, [M+H]+)'(detected_fragment=243.1086;diff_ppm=0.7)|'Asn-Gln(b2, [M+H]+)'(detected_fragment=243.1086;diff_ppm=0.8)|'Ala-Ile(b2, [M+H]+)'(detected_fragment=185.1286;diff_ppm=0.8)|'Ala-Leu(b2, [M+H]+)'(detected_fragment=185.1286;diff_ppm=0.8)|'Lys-Lys(b2, [M+H]+)'(detected_fragment=257.1975;diff_ppm=1.2)|'Ile-Leu(y2, [M+H]+)'(detected_fragment=245.1853;diff_ppm=2.7)|'Ile-Ile(y2, [M+H]+)'(detected_fragment=245.1853;diff_ppm=2.7)|'Leu-Leu(y2, [M+H]+)'(detected_fragment=245.1853;diff_ppm=2.7)|'Ile-Orn(y2, [M+H]+)'(detected_fragment=246.1805;diff_ppm=2.8)|'Leu-Orn(y2, [M+H]+)'(detected_fragment=246.1805;diff_ppm=2.8)|'Val-Lys(y2, [M+H]+)'(detected_fragment=246.1805;diff_ppm=2.9)|'Val-Ile(b2, [M+H]+)'(detected_fragment=213.1605;diff_ppm=3.5)|'Val-Leu(b2, [M+H]+)'(detected_fragment=213.1605;diff_ppm=3.5)"
56,10000,1500,285.0753,10.36,true,5425_5426_mod.mzXML|5458_5457_mod.mzXML,2,false,C,AF,8.0,11.0,,,"'oxopropionic acid(ribosomal, putatively from AAs NH2-S)'(detected_loss=72.0213;diff_ppm=4.2)",,'Glycitein'(score=0.7904;algorithm=ms2query;diff_mz=0.0003),
57,38000,18000,496.3383,19.94,true,5458_5457_mod.mzXML|5452_5451_mod.mzXML|5456_5455_mod.mzXML|5425_5426_mod.mzXML|5450_5449_mod.mzXML|5446_5445_mod.mzXML,6,false,C|V2|S,AF,25.0,26.0,,,,,'(3-hexadecanoyloxy-2-hydroxypropyl) 2-(trimethylazaniumyl)ethyl phosphate'(score=0.8091;algorithm=ms2query;diff_mz=0.0017),
62,5500,640,530.9806,1.92,true,D3_H3_mod.mzXML|5456_5455_mod.mzXML|5452_5451_mod.mzXML|5434_5433_mod.mzXML,4,true,,,24.0,11.0,,,,,,"'Tyr-Tyr(y2, [M+H]+)'(detected_fragment=345.1423;diff_ppm=6.4)|'Pro-Cys(y2, [M+H]+)'(detected_fragment=219.078;diff_ppm=8.2)|'Met-Dha(y2, [M+H]+)'(detected_fragment=219.078;diff_ppm=8.2)|'Ser-Met(b2, [M+H]+)'(detected_fragment=219.078;diff_ppm=8.2)"
63,10000,1100,271.1397,2.34,true,5434_5433_mod.mzXML,1,false,S,AF,26.0,2.0,true,,"'Acetic-acid(CH3COOH, putatively from metabolite)'(detected_loss=60.0211;diff_ppm=0.0)",,,"'Pro-His(y2, [M+H]+)'(detected_fragment=253.1298;diff_ppm=1.1)|'Gly-Val(b2, [M+H]+)'(detected_fragment=157.0979;diff_ppm=4.8)|'Val-Pip(y2, [M+H]+)'(detected_fragment=230.1323;diff_ppm=6.3)"
64,10000,1200,254.1599,2.36,true,5452_5451_mod.mzXML|D3_H3_mod.mzXML|5456_5455_mod.mzXML|5434_5433_mod.mzXML|5446_5445_mod.mzXML,5,true,,,27.0,27.0,,,,,,
65,12000,1900,423.1953,5.55,true,5458_5457_mod.mzXML|5434_5433_mod.mzXML,2,false,C|S,AF,2.0,3.0,,,"'Leucine-methyloxazoline(ribosomal, putatively from AAs L-T)'(detected_loss=197.1273;diff_ppm=3.6)|'Isoleucine-methyloxazoline(ribosomal, putatively from AAs I-T)'(detected_loss=197.1273;diff_ppm=3.6)|'Phenylalanine(ribosomal, putatively from AAs F)'(detected_loss=147.0686;diff_ppm=4.1)|'2xWater(2xH2O, putatively from metabolite)'(detected_loss=36.0213;diff_ppm=5.6)|'Leucine-methyloxazole(ribosomal, putatively from AAs L-T)'(detected_loss=195.1116;diff_ppm=7.2)|'Isoleucine-methyloxazole(ribosomal, putatively from AAs I-T)'(detected_loss=195.1116;diff_ppm=7.2)",,'unknown'(score=0.7147;algorithm=ms2query;diff_mz=21.0133),"'Ile-Met(y2, [M+H]+)'(detected_fragment=263.1423;diff_ppm=0.3)|'Leu-Met(y2, [M+H]+)'(detected_fragment=263.1423;diff_ppm=0.3)|'Val-Phe(b2, [M+H]+)'(detected_fragment=247.144;diff_ppm=0.4)|'Ser-Ile(b2, [M+H]+)'(detected_fragment=201.1236;diff_ppm=1.1)|'Ser-Leu(b2, [M+H]+)'(detected_fragment=201.1236;diff_ppm=1.1)|'Val-Thr(b2, [M+H]+)'(detected_fragment=201.1236;diff_ppm=1.1)|'Ile-Dha(y2, [M+H]+)'(detected_fragment=201.1236;diff_ppm=1.2)|'Leu-Dha(y2, [M+H]+)'(detected_fragment=201.1236;diff_ppm=1.2)|'Val-Dhb(y2, [M+H]+)'(detected_fragment=201.1236;diff_ppm=1.2)|'Glu-Dhb(y2, [M+H]+)'(detected_fragment=231.0971;diff_ppm=1.9)|'Pro-Asp(y2, [M+H]+)'(detected_fragment=231.0971;diff_ppm=1.9)|'Thr-Glu(b2, [M+H]+)'(detected_fragment=231.0971;diff_ppm=1.9)|'Ser-Arg(y2, [M+H]+)'(detected_fragment=262.1519;diff_ppm=3.5)|'Ile-Glu(y2, [M+H]+)'(detected_fragment=261.1461;diff_ppm=6.2)|'Leu-Glu(y2, [M+H]+)'(detected_fragment=261.1461;diff_ppm=6.2)|'Asp-Pip(b2, [M+H]+)'(detected_fragment=228.0837;diff_ppm=8.7)"
66,48000,10000,218.0798,6.15,true,5446_5445_mod.mzXML|5456_5455_mod.mzXML|5452_5451_mod.mzXML|5434_5433_mod.mzXML,4,false,S,AF,6.0,28.0,true,,"'Carbon-monoxide(CO, putatively from metabolite)'(detected_loss=27.9951;diff_ppm=7.1)",,,"'Gly-Asn(b2, [M+H]+)'(detected_fragment=172.0729;diff_ppm=7.1)"
67,9000,1100,393.139,7.7,true,5446_5445_mod.mzXML|5456_5455_mod.mzXML|5452_5451_mod.mzXML|5434_5433_mod.mzXML,4,false,S,AF,28.0,29.0,true,,"'D-glucosamine(C6H13N1O5, putatively from glycoside)'(detected_loss=161.0685;diff_ppm=0.4)|'Tyr-methyloxazole(ribosomal, putatively from AAs Y-T)'(detected_loss=245.0917;diff_ppm=1.2)|'4,6-dideoxy-4-hydroxylamino-D-glucose(C6H13NO5, putatively from glycoside)'(detected_loss=161.0685;diff_ppm=1.9)",,,"'Tyr-Trp(b2, [M+H]+)'(detected_fragment=350.153;diff_ppm=8.8)"
68,17000,2700,626.3294,8.57,true,5434_5433_mod.mzXML|5450_5449_mod.mzXML,2,false,S|V2,AF,5.0,9.0,,,,'Chymostatin A/C M+H'(score=0.92;algorithm=modified cosine;diff_mz=18.0184)|'Chymostatin A/C M+H'(score=0.9;algorithm=ms2deepscore;diff_mz=18.0184)|'Chymostatinol B M+H'(score=0.9;algorithm=ms2deepscore;diff_mz=16.0024)|'Chymostatinol A M+H'(score=0.87;algorithm=ms2deepscore;diff_mz=30.0134)|'Chymostatin B M+H'(score=0.85;algorithm=ms2deepscore;diff_mz=32.0274)|'GE-20372-A/B M+H'(score=0.84;algorithm=ms2deepscore;diff_mz=14.0164)|'Antipain M+H'(score=0.81;algorithm=ms2deepscore;diff_mz=323.1504)|'Chymostatinol B M+H'(score=0.79;algorithm=modified cosine;diff_mz=16.0024),,"'Lys-His(b2, [M+H]+)'(detected_fragment=266.1603;diff_ppm=3.2)|'Ile-His(y2, [M+H]+)'(detected_fragment=269.1594;diff_ppm=5.2)|'Leu-His(y2, [M+H]+)'(detected_fragment=269.1594;diff_ppm=5.2)|'Val-Met(y2, [M+H]+)'(detected_fragment=249.1286;diff_ppm=7.5)"
69,7900,1100,578.3071,8.76,true,5434_5433_mod.mzXML|5450_5449_mod.mzXML,2,false,S|V2,AF,29.0,9.0,,,,'Siomycin_A/Sporangiomycin M+2H'(score=0.81;algorithm=ms2deepscore;diff_mz=246.4319)|'Siomycin_D1 M+H'(score=0.8;algorithm=ms2deepscore;diff_mz=239.4219),,"'Ala-Met(y2, [M+H]+)'(detected_fragment=221.0954;diff_ppm=0.2)|'Val-Cys(y2, [M+H]+)'(detected_fragment=221.0954;diff_ppm=0.2)|'Glu-Tyr(y2, [M+H]+)'(detected_fragment=311.1255;diff_ppm=5.6)|'Thr-Glu(y2, [M+H]+)'(detected_fragment=249.1067;diff_ppm=5.7)|'Ile-Dha(b2, [M+H]+)'(detected_fragment=183.1141;diff_ppm=7.1)|'Leu-Dha(b2, [M+H]+)'(detected_fragment=183.1141;diff_ppm=7.1)|'Val-Dhb(b2, [M+H]+)'(detected_fragment=183.1141;diff_ppm=7.2)|'Lys-His(b2, [M+H]+)'(detected_fragment=266.1585;diff_ppm=10.0)"
70,25000,4600,592.3234,9.24,true,5434_5433_mod.mzXML|5450_5449_mod.mzXML,2,false,S|V2,AF,5.0,9.0,,[M+H]+(partner_ID=13;adduct=[M+H2O+H]+;m/z=610.3346)|[2M+H]+(partner_ID=72;adduct=[M+2H]2+;m/z=296.6648),,'GE-20372-A/B M+H'(score=0.94;algorithm=ms2deepscore;diff_mz=19.9896)|'Chymostatinol A M+H'(score=0.9;algorithm=ms2deepscore;diff_mz=3.9926)|'Chymostatinol A M+H'(score=0.88;algorithm=modified cosine;diff_mz=3.9926)|'Antipain M+H'(score=0.88;algorithm=ms2deepscore;diff_mz=289.1444)|'GE-20372-A/B M+H'(score=0.87;algorithm=modified cosine;diff_mz=19.9896),,"'Pro-Arg(b2, [M+H]+)'(detected_fragment=254.1608;diff_ppm=1.4)|'His-Orn(b2, [M+H]+)'(detected_fragment=252.145;diff_ppm=1.9)"
71,6800,1300,576.3485,9.42,true,5434_5433_mod.mzXML|5450_5449_mod.mzXML,2,false,S|V2,AF,5.0,9.0,,,,'Chymostatin A/C M+H'(score=0.82;algorithm=ms2deepscore;diff_mz=31.9625)|'Chymostatin A/C M+H'(score=0.81;algorithm=modified cosine;diff_mz=31.9625)|'Chymostatinol B M+H'(score=0.81;algorithm=ms2deepscore;diff_mz=33.9785),,"'Trp-Dhb(b2, [M+H]+)'(detected_fragment=270.1237;diff_ppm=0.0)|'Gln-Glu(b2, [M+H]+)'(detected_fragment=258.1088;diff_ppm=1.4)|'Lys-His(b2, [M+H]+)'(detected_fragment=266.1606;diff_ppm=2.1)|'Dha-Dhb(y2, [M+H]+)'(detected_fragment=171.076;diff_ppm=2.3)|'Ser-Dhb(b2, [M+H]+)'(detected_fragment=171.076;diff_ppm=2.4)|'Thr-Dha(b2, [M+H]+)'(detected_fragment=171.076;diff_ppm=2.5)|'Ala-Pro(b2, [M+H]+)'(detected_fragment=169.0986;diff_ppm=8.6)|'Val-Dha(b2, [M+H]+)'(detected_fragment=169.0986;diff_ppm=8.6)|'Cys-Arg(y2, [M+H]+)'(detected_fragment=278.1255;diff_ppm=9.5)|'Trp-Orn(b2, [M+H]+)'(detected_fragment=301.1629;diff_ppm=9.9)"
72,9400,1900,296.6648,9.54,true,5434_5433_mod.mzXML|5450_5449_mod.mzXML,2,false,S|V2,AF,30.0,30.0,,[M+2H]2+(partner_ID=70;adduct=[2M+H]+;m/z=592.3234),,,,
73,7800,900,1219.6579,9.51,true,5434_5433_mod.mzXML,1,false,S,AF,31.0,31.0,true,[2M+H]+(partner_ID=13;adduct=[M+2H]2+;m/z=610.3346),,,,
74,15000,2100,624.3139,10.58,true,5434_5433_mod.mzXML|5450_5449_mod.mzXML,2,false,S|V2,AF,5.0,9.0,,,"'Gln-methyloxazole(ribosomal, putatively from AAs Q-T)'(detected_loss=210.0889;diff_ppm=4.3)",'GE-20372-A/B M+H'(score=0.85;algorithm=ms2deepscore;diff_mz=12.0009)|'Chymostatinol A M+H'(score=0.85;algorithm=ms2deepscore;diff_mz=27.9979)|'Antipain M+H'(score=0.81;algorithm=ms2deepscore;diff_mz=321.1349),,"'Lys-His(b2, [M+H]+)'(detected_fragment=266.1596;diff_ppm=5.8)|'Pip-Dha(y2, [M+H]+)'(detected_fragment=200.0854;diff_ppm=7.0)|'Ser-Pip(b2, [M+H]+)'(detected_fragment=200.0854;diff_ppm=7.0)"
75,5300,1500,315.0843,11.02,true,5456_5455_mod.mzXML|5434_5433_mod.mzXML,2,false,S,AF,32.0,11.0,true,,"'Acetone((CH3)2C=O, putatively from metabolite)'(detected_loss=58.0418;diff_ppm=1.7)",,,"'Asp-Dhb(b2, [M+H]+)'(detected_fragment=199.07;diff_ppm=6.6)|'Glu-Dha(b2, [M+H]+)'(detected_fragment=199.07;diff_ppm=6.7)|'His-Orn(y2, [M+H]+)'(detected_fragment=270.158;diff_ppm=7.2)"
76,13000,2100,824.7369,13.27,true,5446_5445_mod.mzXML|5456_5455_mod.mzXML|5452_5451_mod.mzXML|5434_5433_mod.mzXML,4,false,S,AF,33.0,32.0,true,,"'Methanediimine(HN=C=NH, putatively from metabolite)'(detected_loss=42.0219;diff_ppm=2.4)",'Siomycin_D1 M+H'(score=0.98;algorithm=ms2deepscore;diff_mz=7.0079)|'Siomycin_A/Sporangiomycin M+2H'(score=0.98;algorithm=ms2deepscore;diff_mz=0.0021)|'Siomycin_B M+2H'(score=0.94;algorithm=modified cosine;diff_mz=69.0229)|'Siomycin_B M+2H'(score=0.94;algorithm=ms2deepscore;diff_mz=69.0229)|'Siomycin_A/Sporangiomycin M+2H'(score=0.93;algorithm=modified cosine;diff_mz=0.0021)|'Siomycin_C M+H'(score=0.89;algorithm=ms2deepscore;diff_mz=8.0021)|'Siomycin_C M+H'(score=0.76;algorithm=modified cosine;diff_mz=8.0021),'Siomycin_A/Sporangiomycin'(score=0.8655;algorithm=ms2query;diff_mz=0.0021),"'Cys-Pip(y2, [M+H]+)'(detected_fragment=234.0746;diff_ppm=0.3)|'Ile-Pip(y2, [M+H]+)'(detected_fragment=244.1502;diff_ppm=3.3)|'Leu-Pip(y2, [M+H]+)'(detected_fragment=244.1502;diff_ppm=3.3)|'Cys-Pip(b2, [M+H]+)'(detected_fragment=216.0648;diff_ppm=3.8)|'Thr-Trp(b2, [M+H]+)'(detected_fragment=288.1362;diff_ppm=6.7)|'Trp-Dhb(y2, [M+H]+)'(detected_fragment=288.1362;diff_ppm=6.8)"
77,7000,1000,767.4545,13.49,true,D3_H3_mod.mzXML|5434_5433_mod.mzXML,2,true,,,9.0,12.0,,,,,,"'Gln-Trp(b2, [M+H]+)'(detected_fragment=315.1442;diff_ppm=3.1)"
78,12000,1900,755.7153,14.29,true,5446_5445_mod.mzXML|5456_5455_mod.mzXML|5452_5451_mod.mzXML|5434_5433_mod.mzXML,4,false,S,AF,33.0,32.0,true,,"'L-rhamnose(C6H12O5, putatively from glycoside)'(detected_loss=146.057;diff_ppm=3.0)|'L-fucose(C6H12O5, putatively from glycoside)'(detected_loss=146.057;diff_ppm=3.0)|'D-rhamnose(C6H12O5, putatively from glycoside)'(detected_loss=146.057;diff_ppm=3.0)|'Tyr-methyloxazoline(ribosomal, putatively from AAs Y-T)'(detected_loss=247.1062;diff_ppm=3.2)|'D-fucofuranose(C6H12O5, putatively from glycoside)'(detected_loss=146.057;diff_ppm=6.2)|'D-fucose(C6H12O5, putatively from glycoside)'(detected_loss=146.057;diff_ppm=6.2)|'L-rhamnose(C6H12O5, putatively from glycoside)'(detected_loss=146.057;diff_ppm=6.2)|'L-quinovose(C6H12O5, putatively from glycoside)'(detected_loss=146.057;diff_ppm=6.2)",'Siomycin_D1 M+H'(score=0.95;algorithm=ms2deepscore;diff_mz=62.0137)|'Siomycin_A/Sporangiomycin M+2H'(score=0.95;algorithm=ms2deepscore;diff_mz=69.0237)|'Siomycin_B M+2H'(score=0.95;algorithm=ms2deepscore;diff_mz=0.0013)|'Siomycin_B M+2H'(score=0.92;algorithm=modified cosine;diff_mz=0.0013)|'Siomycin_A/Sporangiomycin M+2H'(score=0.92;algorithm=modified cosine;diff_mz=69.0237)|'Siomycin_C M+H'(score=0.88;algorithm=ms2deepscore;diff_mz=77.0237)|'Siomycin_C M+H'(score=0.73;algorithm=modified cosine;diff_mz=77.0237),'Siomycin_B'(score=0.8658;algorithm=ms2query;diff_mz=0.0013),"'Tyr-Dha(b2, [M+H]+)'(detected_fragment=233.0925;diff_ppm=1.8)|'His-Phe(b2, [M+H]+)'(detected_fragment=285.1334;diff_ppm=4.2)|'Cys-Pip(b2, [M+H]+)'(detected_fragment=216.0629;diff_ppm=5.0)|'Cys-Pip(y2, [M+H]+)'(detected_fragment=234.0731;diff_ppm=6.1)|'Thr-Trp(y2, [M+H]+)'(detected_fragment=306.1475;diff_ppm=8.7)|'Pro-Trp(y2, [M+H]+)'(detected_fragment=302.1472;diff_ppm=9.0)"
79,12000,2200,790.2263,14.98,true,5446_5445_mod.mzXML|5456_5455_mod.mzXML|5452_5451_mod.mzXML|5434_5433_mod.mzXML,4,false,S,AF,33.0,32.0,true,,"'tert-Butylamine+water(C4H9NH2+H2O)'(detected_loss=91.1001;diff_ppm=4.4)|'N-methyl-2-Bromo-tryptophan(NMe-Br-Trp, putatively from nonribosomal peptide)'(detected_loss=279.1393;diff_ppm=7.3)",'Siomycin_A/Sporangiomycin M+2H'(score=0.98;algorithm=ms2deepscore;diff_mz=34.5127)|'Siomycin_D1 M+H'(score=0.97;algorithm=ms2deepscore;diff_mz=27.5027)|'Siomycin_A/Sporangiomycin M+2H'(score=0.95;algorithm=modified cosine;diff_mz=34.5127)|'Siomycin_B M+2H'(score=0.95;algorithm=ms2deepscore;diff_mz=34.5123)|'Siomycin_B M+2H'(score=0.92;algorithm=modified cosine;diff_mz=34.5123)|'Siomycin_C M+H'(score=0.91;algorithm=ms2deepscore;diff_mz=42.5127),'14-bromodiscorhabdin C(+2)'(score=0.8082;algorithm=ms2query;diff_mz=248.3263),"'Thr-Trp(y2, [M+H]+)'(detected_fragment=306.145;diff_ppm=0.6)|'Asn-Asn(b2, [M+H]+)'(detected_fragment=229.0924;diff_ppm=3.2)|'Asp-Met(b2, [M+H]+)'(detected_fragment=247.0761;diff_ppm=5.6)"
80,5900,1200,1651.4547,15.07,true,5446_5445_mod.mzXML|5452_5451_mod.mzXML|5434_5433_mod.mzXML,3,false,S,AF,,,true,[M+3+H]+(partner_ID=82;adduct=[M+H]+;m/z=1648.4547),,,,
82,16000,3700,1648.4547,15.07,true,5446_5445_mod.mzXML|5456_5455_mod.mzXML|5452_5451_mod.mzXML|5434_5433_mod.mzXML,4,false,S,AF,34.0,32.0,true,[M+H]+(partner_ID=106;adduct=[M+3+2H]2+;m/z=826.237)|[M+H]+(partner_ID=80;adduct=[M+3+H]+;m/z=1651.4547)|[2M+H]+(partner_ID=83;adduct=[M+2H]2+;m/z=824.7379),,'Siomycin_A/Sporangiomycin M+H'(score=0.98;algorithm=ms2deepscore;diff_mz=0.9953)|'Siomycin_B M+H'(score=0.96;algorithm=ms2deepscore;diff_mz=138.0347),'Siomycin_A/Sporangiomycin'(score=0.8278;algorithm=ms2query;diff_mz=0.9953),"'Cys-Pip(y2, [M+H]+)'(detected_fragment=234.0746;diff_ppm=0.3)"
83,48000,17000,824.7379,15.1,true,5446_5445_mod.mzXML|5456_5455_mod.mzXML|5452_5451_mod.mzXML|5434_5433_mod.mzXML,4,false,S,AF,33.0,32.0,true,[M+2H]2+(partner_ID=82;adduct=[2M+H]+;m/z=1648.4547),"'Phe-oxazoline(ribosomal, putatively from AAs F-S)'(detected_loss=217.0966;diff_ppm=1.8)|'His-oxazoline(ribosomal, putatively from AAs H-S)'(detected_loss=207.0874;diff_ppm=2.9)|'3-O-carbamoyl-4-O-methyl-L-noviose(C9H17NO6, putatively from glycoside)'(detected_loss=217.0966;diff_ppm=7.3)",'Siomycin_A/Sporangiomycin M+2H'(score=0.98;algorithm=modified cosine;diff_mz=0.0011)|'Siomycin_A/Sporangiomycin M+2H'(score=0.98;algorithm=ms2deepscore;diff_mz=0.0011)|'Siomycin_D1 M+H'(score=0.98;algorithm=ms2deepscore;diff_mz=7.0089)|'Siomycin_B M+2H'(score=0.96;algorithm=modified cosine;diff_mz=69.0239)|'Siomycin_B M+2H'(score=0.96;algorithm=ms2deepscore;diff_mz=69.0239)|'Siomycin_C M+H'(score=0.9;algorithm=ms2deepscore;diff_mz=8.0011)|'Siomycin_C M+H'(score=0.74;algorithm=modified cosine;diff_mz=8.0011),'Siomycin_A/Sporangiomycin'(score=0.8655;algorithm=ms2query;diff_mz=0.0011),"'Cys-Pip(b2, [M+H]+)'(detected_fragment=216.064;diff_ppm=0.1)|'Cys-Pip(y2, [M+H]+)'(detected_fragment=234.0741;diff_ppm=1.8)|'Asn-Lys(b2, [M+H]+)'(detected_fragment=243.1464;diff_ppm=5.1)|'Gln-Orn(b2, [M+H]+)'(detected_fragment=243.1464;diff_ppm=5.1)|'Gly-Met(b2, [M+H]+)'(detected_fragment=189.0707;diff_ppm=7.8)|'Ile-Pip(y2, [M+H]+)'(detected_fragment=244.1471;diff_ppm=9.4)|'Leu-Pip(y2, [M+H]+)'(detected_fragment=244.1471;diff_ppm=9.4)"
84,8500,1900,824.7372,15.81,true,5446_5445_mod.mzXML|5456_5455_mod.mzXML|5452_5451_mod.mzXML|5434_5433_mod.mzXML,4,false,S,AF,33.0,32.0,true,,"'Phe-oxazoline(ribosomal, putatively from AAs F-S)'(detected_loss=217.0967;diff_ppm=1.4)|'3-O-carbamoyl-4-O-methyl-L-noviose(C9H17NO6, putatively from glycoside)'(detected_loss=217.0967;diff_ppm=7.7)",'Siomycin_D1 M+H'(score=0.98;algorithm=ms2deepscore;diff_mz=7.0082)|'Siomycin_A/Sporangiomycin M+2H'(score=0.97;algorithm=ms2deepscore;diff_mz=0.0018)|'Siomycin_A/Sporangiomycin M+2H'(score=0.94;algorithm=modified cosine;diff_mz=0.0018)|'Siomycin_B M+2H'(score=0.93;algorithm=modified cosine;diff_mz=69.0232)|'Siomycin_B M+2H'(score=0.92;algorithm=ms2deepscore;diff_mz=69.0232)|'Siomycin_C M+H'(score=0.89;algorithm=ms2deepscore;diff_mz=8.0018)|'Siomycin_C M+H'(score=0.73;algorithm=modified cosine;diff_mz=8.0018),,"'Gln-Tyr(y2, [M+H]+)'(detected_fragment=310.1403;diff_ppm=1.8)|'Trp-Dhb(y2, [M+H]+)'(detected_fragment=288.1334;diff_ppm=3.0)|'Thr-Trp(b2, [M+H]+)'(detected_fragment=288.1334;diff_ppm=3.0)|'Cys-Pip(y2, [M+H]+)'(detected_fragment=234.0733;diff_ppm=5.3)|'Asp-Tyr(y2, [M+H]+)'(detected_fragment=297.1058;diff_ppm=7.8)|'Cys-Pip(b2, [M+H]+)'(detected_fragment=216.0622;diff_ppm=8.2)|'Asn-His(b2, [M+H]+)'(detected_fragment=252.1115;diff_ppm=9.4)"
85,6700,1800,825.2302,17.92,true,5434_5433_mod.mzXML,1,false,S,AF,33.0,32.0,true,,,'Siomycin_B M+2H'(score=0.96;algorithm=ms2deepscore;diff_mz=69.5162)|'Siomycin_D1 M+H'(score=0.93;algorithm=ms2deepscore;diff_mz=7.5012)|'Siomycin_A/Sporangiomycin M+2H'(score=0.92;algorithm=ms2deepscore;diff_mz=0.4912)|'Siomycin_B M+2H'(score=0.91;algorithm=modified cosine;diff_mz=69.5162)|'Siomycin_A/Sporangiomycin M+2H'(score=0.9;algorithm=modified cosine;diff_mz=0.4912)|'Siomycin_C M+H'(score=0.86;algorithm=ms2deepscore;diff_mz=7.5088)|'Siomycin_C M+H'(score=0.75;algorithm=modified cosine;diff_mz=7.5088),,"'Cys-Pip(y2, [M+H]+)'(detected_fragment=234.0739;diff_ppm=2.7)|'Gly-Met(b2, [M+H]+)'(detected_fragment=189.0711;diff_ppm=9.9)"
88,9400,1300,438.1769,1.71,true,5450_5449_mod.mzXML,1,false,V2,AF,35.0,32.0,,,"'Ala-thiazole(ribosomal, putatively from AAs A-C)'(detected_loss=155.0263;diff_ppm=4.5)|'Dha-thiazoline(ribosomal, putatively from AAs S/C-C)'(detected_loss=155.0263;diff_ppm=4.5)|'Glu-oxazole(ribosomal, putatively from AAs E-S)'(detected_loss=197.055;diff_ppm=5.1)|'Asp-methyloxazole(ribosomal, putatively from AAs D-T)'(detected_loss=197.055;diff_ppm=5.1)|'Aspartic acid (ribosomal, putatively from AAs D)'(detected_loss=115.0277;diff_ppm=6.1)",'Siomycin_C M+H'(score=0.83;algorithm=ms2deepscore;diff_mz=394.5621)|'Siomycin_A/Sporangiomycin M+2H'(score=0.81;algorithm=ms2deepscore;diff_mz=386.5621)|'Siomycin_D1 M+H'(score=0.8;algorithm=ms2deepscore;diff_mz=379.5521)|'Siomycin_B M+2H'(score=0.8;algorithm=ms2deepscore;diff_mz=317.5371),,"'Gly-Gln(y2, [M+H]+)'(detected_fragment=204.0978;diff_ppm=0.4)|'Ala-Asn(y2, [M+H]+)'(detected_fragment=204.0978;diff_ppm=0.4)|'Asp-Met(b2, [M+H]+)'(detected_fragment=247.0757;diff_ppm=4.0)|'Ile-Glu(b2, [M+H]+)'(detected_fragment=243.132;diff_ppm=7.9)|'Leu-Glu(b2, [M+H]+)'(detected_fragment=243.132;diff_ppm=7.9)"
89,6100,760,445.1839,1.71,true,5450_5449_mod.mzXML,1,false,V2,AF,36.0,32.0,,,"'3-N-acetyl-D-ravidosamine(C9H17NO5, putatively from glycoside)'(detected_loss=201.1009;diff_ppm=3.9)|'3-O-carbamoyl-L-noviose(C9H17NO5, putatively from glycoside)'(detected_loss=201.1009;diff_ppm=3.9)|'beta-methyl-bromophenylalanine(bMe-Br-Phe, putatively from nonribosomal peptide)'(detected_loss=240.0991;diff_ppm=8.9)",'Siomycin_C M+H'(score=0.83;algorithm=ms2deepscore;diff_mz=387.5551)|'Siomycin_A/Sporangiomycin M+2H'(score=0.83;algorithm=ms2deepscore;diff_mz=379.5551)|'Siomycin_D1 M+H'(score=0.82;algorithm=ms2deepscore;diff_mz=372.5451),,"'Ser-Asn(y2, [M+H]+)'(detected_fragment=220.0927;diff_ppm=0.5)|'Asn-Phe(y2, [M+H]+)'(detected_fragment=280.13;diff_ppm=2.9)|'Met-Dhb(y2, [M+H]+)'(detected_fragment=233.0943;diff_ppm=4.9)|'Thr-Met(b2, [M+H]+)'(detected_fragment=233.0943;diff_ppm=4.9)|'Ser-Tyr(y2, [M+H]+)'(detected_fragment=269.1116;diff_ppm=5.9)|'Pro-Tyr(y2, [M+H]+)'(detected_fragment=279.1362;diff_ppm=8.1)|'Gln-Phe(y2, [M+H]+)'(detected_fragment=294.1424;diff_ppm=8.3)|'Phe-Pip(y2, [M+H]+)'(detected_fragment=278.1312;diff_ppm=9.2)|'Tyr-Dha(b2, [M+H]+)'(detected_fragment=233.0943;diff_ppm=9.6)"
90,6200,930,310.1876,6.75,true,5450_5449_mod.mzXML,1,false,V2,AF,37.0,33.0,,,,'Antipain M+H'(score=0.72;algorithm=modified cosine;diff_mz=7.0086),,"'Dha-Dhb(b2, [M+H]+)'(detected_fragment=153.0664;diff_ppm=3.7)|'Lys-His(b2, [M+H]+)'(detected_fragment=266.16;diff_ppm=4.3)|'Orn-Orn(b2, [M+H]+)'(detected_fragment=229.164;diff_ppm=8.2)|'Ala-Arg(b2, [M+H]+)'(detected_fragment=228.1433;diff_ppm=9.6)"
91,5400,650,610.3011,7.38,true,5450_5449_mod.mzXML,1,false,V2,AF,38.0,9.0,,,"'Arg-thiazoline(ribosomal, putatively from AAs R-C)'(detected_loss=242.1047;diff_ppm=9.5)",'Chymostatinol B M+H'(score=0.85;algorithm=ms2deepscore;diff_mz=0.0259)|'Chymostatin B M+H'(score=0.84;algorithm=ms2deepscore;diff_mz=15.9991)|'Chymostatin A/C M+H'(score=0.84;algorithm=ms2deepscore;diff_mz=1.9901)|'Biarylitide YYH M+H'(score=0.84;algorithm=ms2deepscore;diff_mz=88.1031)|'Biarylitide YFH M+H'(score=0.82;algorithm=ms2deepscore;diff_mz=104.0991),,"'Lys-Glu(b2, [M+H]+)'(detected_fragment=258.1448;diff_ppm=0.1)|'Lys-His(b2, [M+H]+)'(detected_fragment=266.1608;diff_ppm=1.3)|'Lys-Arg(b2, [M+H]+)'(detected_fragment=285.2029;diff_ppm=1.6)|'Ile-Arg(b2, [M+H]+)'(detected_fragment=270.1947;diff_ppm=8.3)|'Leu-Arg(b2, [M+H]+)'(detected_fragment=270.1947;diff_ppm=8.3)"
92,6400,810,610.3011,7.71,true,5450_5449_mod.mzXML,1,false,V2,AF,38.0,9.0,,,"'Arg-thiazoline(ribosomal, putatively from AAs R-C)'(detected_loss=242.1047;diff_ppm=9.5)",'Chymostatinol B M+H'(score=0.85;algorithm=ms2deepscore;diff_mz=0.0259)|'Chymostatin B M+H'(score=0.84;algorithm=ms2deepscore;diff_mz=15.9991)|'Chymostatin A/C M+H'(score=0.84;algorithm=ms2deepscore;diff_mz=1.9901)|'Biarylitide YYH M+H'(score=0.84;algorithm=ms2deepscore;diff_mz=88.1031)|'Biarylitide YFH M+H'(score=0.82;algorithm=ms2deepscore;diff_mz=104.0991),,"'Lys-Glu(b2, [M+H]+)'(detected_fragment=258.1448;diff_ppm=0.1)|'Lys-His(b2, [M+H]+)'(detected_fragment=266.1608;diff_ppm=1.3)|'Lys-Arg(b2, [M+H]+)'(detected_fragment=285.2029;diff_ppm=1.6)|'Ile-Arg(b2, [M+H]+)'(detected_fragment=270.1947;diff_ppm=8.3)|'Leu-Arg(b2, [M+H]+)'(detected_fragment=270.1947;diff_ppm=8.3)"
93,5900,1100,612.313,8.17,true,5450_5449_mod.mzXML,1,false,V2,AF,5.0,9.0,,,"'Leucine-thiazoline(ribosomal, putatively from AAs L-C)'(detected_loss=199.0882;diff_ppm=9.0)|'Isoleucine-thiazoline(ribosomal, putatively from AAs I-C)'(detected_loss=199.0882;diff_ppm=9.0)",'Chymostatin B M+H'(score=0.94;algorithm=ms2deepscore;diff_mz=18.011)|'Chymostatinol B M+H'(score=0.92;algorithm=ms2deepscore;diff_mz=1.986)|'Chymostatin A/C M+H'(score=0.92;algorithm=ms2deepscore;diff_mz=4.002)|'Chymostatin B M+H'(score=0.91;algorithm=modified cosine;diff_mz=18.011)|'Chymostatinol A M+H'(score=0.91;algorithm=ms2deepscore;diff_mz=15.997)|'GE-20372-A/B M+H'(score=0.88;algorithm=ms2deepscore;diff_mz=0.0)|'Chymostatinol A M+H'(score=0.84;algorithm=modified cosine;diff_mz=15.997)|'Antipain M+H'(score=0.81;algorithm=ms2deepscore;diff_mz=309.134),,"'His-Tyr(y2, [M+H]+)'(detected_fragment=319.1428;diff_ppm=8.5)|'Asn-Trp(y2, [M+H]+)'(detected_fragment=319.1428;diff_ppm=8.5)"
94,5500,660,463.2293,8.21,true,5450_5449_mod.mzXML,1,false,V2,AF,5.0,34.0,,,"'D-PhosphateAsparagine(D-PO-Asn, putatively from nonribosomal peptide)'(detected_loss=210.0871;diff_ppm=2.1)|'Gln-methyloxazole(ribosomal, putatively from AAs Q-T)'(detected_loss=210.0871;diff_ppm=4.3)",'Chymostatin B M+H'(score=0.88;algorithm=modified cosine;diff_mz=131.0727)|'Chymostatinol A M+H'(score=0.86;algorithm=modified cosine;diff_mz=133.0867)|'KF 77AG6 M+H'(score=0.79;algorithm=modified cosine;diff_mz=97.0393)|'Chymostatinol B M+H'(score=0.75;algorithm=modified cosine;diff_mz=147.0977),,"'Gly-Val(y2, [M+H]+)'(detected_fragment=175.1083;diff_ppm=3.4)|'Pro-Arg(y2, [M+H]+)'(detected_fragment=272.1702;diff_ppm=5.6)"
95,41000,4700,477.2455,8.75,true,5450_5449_mod.mzXML,1,false,V2,AF,5.0,35.0,,,"'D-PhosphateAsparagine(D-PO-Asn, putatively from nonribosomal peptide)'(detected_loss=210.086;diff_ppm=3.1)|'Isoleucine(ribosomal, putatively from AAs I)'(detected_loss=113.0845;diff_ppm=4.4)|'Leucine(ribosomal, putatively from AAs L)'(detected_loss=113.0845;diff_ppm=4.4)|'Gln-methyloxazole(ribosomal, putatively from AAs Q-T)'(detected_loss=210.086;diff_ppm=9.5)",'KF 77AG6 M+H'(score=0.86;algorithm=modified cosine;diff_mz=111.0555)|'Chymostatin B M+H'(score=0.83;algorithm=modified cosine;diff_mz=117.0565)|'Chymostatinol B M+H'(score=0.8;algorithm=modified cosine;diff_mz=133.0815)|'Chymostatinol A M+H'(score=0.8;algorithm=modified cosine;diff_mz=119.0705),,"'Lys-His(b2, [M+H]+)'(detected_fragment=266.1593;diff_ppm=7.0)"
96,21000,4200,626.3281,9.97,true,5450_5449_mod.mzXML,1,false,V2,AF,39.0,9.0,,,"'Lys-oxazole(ribosomal, putatively from AAs K-S)'(detected_loss=196.1091;diff_ppm=5.6)",'Chymostatin A/C M+H'(score=0.96;algorithm=ms2deepscore;diff_mz=18.0171)|'Chymostatinol B M+H'(score=0.96;algorithm=ms2deepscore;diff_mz=16.0011)|'Chymostatin B M+H'(score=0.94;algorithm=ms2deepscore;diff_mz=32.0261)|'Chymostatinol A M+H'(score=0.94;algorithm=ms2deepscore;diff_mz=30.0121)|'GE-20372-A/B M+H'(score=0.9;algorithm=ms2deepscore;diff_mz=14.0151)|'Antipain M+H'(score=0.83;algorithm=ms2deepscore;diff_mz=323.1491)|'Chymostatin A/C M+H'(score=0.75;algorithm=modified cosine;diff_mz=18.0171),'Moroidin-[QLLVWRAH]'(score=0.7839;algorithm=ms2query;diff_mz=125.0581),"'Lys-His(b2, [M+H]+)'(detected_fragment=266.1611;diff_ppm=0.2)|'His-Orn(b2, [M+H]+)'(detected_fragment=252.1435;diff_ppm=7.9)|'His-Arg(b2, [M+H]+)'(detected_fragment=294.1648;diff_ppm=8.5)"
97,17000,3000,640.3436,10.41,true,5450_5449_mod.mzXML,1,false,V2,AF,39.0,9.0,,,"'beta-methyl-bromophenylalanine(bMe-Br-Phe, putatively from nonribosomal peptide)'(detected_loss=240.1;diff_ppm=5.2)",'Chymostatin A/C M+H'(score=0.96;algorithm=ms2deepscore;diff_mz=32.0326)|'Chymostatinol B M+H'(score=0.96;algorithm=ms2deepscore;diff_mz=30.0166)|'Chymostatin B M+H'(score=0.91;algorithm=ms2deepscore;diff_mz=46.0416)|'Chymostatinol A M+H'(score=0.88;algorithm=ms2deepscore;diff_mz=44.0276)|'GE-20372-A/B M+H'(score=0.82;algorithm=ms2deepscore;diff_mz=28.0306)|'Chymostatin A/C M+H'(score=0.78;algorithm=modified cosine;diff_mz=32.0326),'Chymostatin B'(score=0.7168;algorithm=ms2query;diff_mz=46.0416),"'Asn-Phe(y2, [M+H]+)'(detected_fragment=280.1293;diff_ppm=0.4)|'Pro-Arg(b2, [M+H]+)'(detected_fragment=254.1604;diff_ppm=3.0)|'Lys-His(b2, [M+H]+)'(detected_fragment=266.1601;diff_ppm=3.9)|'His-Orn(b2, [M+H]+)'(detected_fragment=252.1435;diff_ppm=7.9)"
98,7200,850,654.3597,10.86,true,5450_5449_mod.mzXML,1,false,V2,AF,39.0,9.0,,,"'Ethanol(C2H5OH, putatively from metabolite)'(detected_loss=46.0415;diff_ppm=8.7)",'Chymostatin A/C M+H'(score=0.92;algorithm=ms2deepscore;diff_mz=46.0487)|'Chymostatinol B M+H'(score=0.91;algorithm=ms2deepscore;diff_mz=44.0327)|'Chymostatinol A M+H'(score=0.87;algorithm=ms2deepscore;diff_mz=58.0437)|'Chymostatin B M+H'(score=0.85;algorithm=ms2deepscore;diff_mz=60.0577)|'Chymostatin A/C M+H'(score=0.84;algorithm=modified cosine;diff_mz=46.0487)|'GE-20372-A/B M+H'(score=0.83;algorithm=ms2deepscore;diff_mz=42.0467),,"'His-Arg(b2, [M+H]+)'(detected_fragment=294.1669;diff_ppm=1.4)|'Pro-Gln(b2, [M+H]+)'(detected_fragment=226.1195;diff_ppm=3.9)|'Lys-His(b2, [M+H]+)'(detected_fragment=266.159;diff_ppm=8.1)"
100,8700,1700,285.0751,15.18,true,5444_5443_mod.mzXML,1,false,C,AF,22.0,11.0,,,,,'Questin_120240'(score=0.7741;algorithm=ms2query;diff_mz=0.0009),"'Ala-Glu(b2, [M+H]+)'(detected_fragment=201.0867;diff_ppm=1.4)|'Cys-Asp(y2, [M+H]+)'(detected_fragment=237.0561;diff_ppm=9.0)"
101,10000,2000,466.2908,16.75,true,5444_5443_mod.mzXML|5458_5457_mod.mzXML,2,false,C,AF,25.0,36.0,,,"'Tyr-oxazoline(ribosomal, putatively from AAs Y-S)'(detected_loss=233.0902;diff_ppm=7.7)",,,
102,10000,3300,482.3222,19.55,true,5444_5443_mod.mzXML|5458_5457_mod.mzXML|5452_5451_mod.mzXML,3,false,C|S,AF,25.0,26.0,,,,,'1-Stearoyl-2-hydroxy-sn-glycero-3-phosphoethanolamine'(score=0.8152;algorithm=ms2query;diff_mz=0.0028),"'Cys-Dha(b2, [M+H]+)'(detected_fragment=173.0387;diff_ppm=4.4)"
103,19000,2600,377.1444,6.87,true,5456_5455_mod.mzXML|5458_5457_mod.mzXML|5452_5451_mod.mzXML,3,false,C|S,AF,28.0,29.0,,,"'4,6-dideoxy-4-hydroxylamino-D-glucose(C6H13NO5, putatively from glycoside)'(detected_loss=161.0702;diff_ppm=8.6)",,"'N-(2,5-dimethoxyphenyl)-2-[9-(4-methylphenyl)-6-oxohydropurin-8-ylthio]acetami de'(score=0.7155;algorithm=ms2query;diff_mz=96.9766)",
104,7500,1000,243.0857,9.51,true,5458_5457_mod.mzXML|5452_5451_mod.mzXML,2,false,C|S,AF,40.0,37.0,,,"'Hydrocyanide(HCN)'(detected_loss=27.0108;diff_ppm=3.7)|'Ethenone(H2C=C=O, putatively from metabolite)'(detected_loss=42.0102;diff_ppm=9.5)",,,"'Met-Dhb(b2, [M+H]+)'(detected_fragment=215.0859;diff_ppm=4.8)"
105,10000,1700,825.7437,14.19,true,5452_5451_mod.mzXML,1,false,S,AF,33.0,32.0,true,,'N-Aniline-derivates(C6H7N)'(detected_loss=93.0587;diff_ppm=8.6),'Siomycin_D1 M+H'(score=0.97;algorithm=ms2deepscore;diff_mz=8.0147)|'Siomycin_A/Sporangiomycin M+2H'(score=0.96;algorithm=ms2deepscore;diff_mz=1.0047)|'Siomycin_B M+2H'(score=0.96;algorithm=ms2deepscore;diff_mz=70.0297)|'Siomycin_A/Sporangiomycin M+2H'(score=0.94;algorithm=modified cosine;diff_mz=1.0047)|'Siomycin_B M+2H'(score=0.92;algorithm=modified cosine;diff_mz=70.0297)|'Siomycin_C M+H'(score=0.89;algorithm=ms2deepscore;diff_mz=6.9953),'Siomycin_A/Sporangiomycin'(score=0.8316;algorithm=ms2query;diff_mz=1.0047),"'Cys-Pip(y2, [M+H]+)'(detected_fragment=234.0738;diff_ppm=3.1)|'Gly-Met(y2, [M+H]+)'(detected_fragment=207.0791;diff_ppm=3.3)|'Met-Arg(b2, [M+H]+)'(detected_fragment=288.1479;diff_ppm=3.4)|'Cys-Pip(b2, [M+H]+)'(detected_fragment=216.0632;diff_ppm=3.6)|'Gly-Asn(y2, [M+H]+)'(detected_fragment=190.083;diff_ppm=4.0)"
106,11000,2500,826.237,15.49,true,5452_5451_mod.mzXML,1,false,S,AF,33.0,32.0,true,[M+3+2H]2+(partner_ID=82;adduct=[M+H]+;m/z=1648.4547),,'Siomycin_A/Sporangiomycin M+2H'(score=0.95;algorithm=modified cosine;diff_mz=1.498)|'Siomycin_A/Sporangiomycin M+2H'(score=0.95;algorithm=ms2deepscore;diff_mz=1.498)|'Siomycin_D1 M+H'(score=0.95;algorithm=ms2deepscore;diff_mz=8.508)|'Siomycin_B M+2H'(score=0.93;algorithm=modified cosine;diff_mz=70.523)|'Siomycin_B M+2H'(score=0.93;algorithm=ms2deepscore;diff_mz=70.523)|'Siomycin_C M+H'(score=0.85;algorithm=ms2deepscore;diff_mz=6.502)|'Siomycin_C M+H'(score=0.73;algorithm=modified cosine;diff_mz=6.502),'Methoxylated and dihydrogenated 14-bromodiscorhabdin C (+2)'(score=0.8074;algorithm=ms2query;diff_mz=252.337),"'Ile-Pip(y2, [M+H]+)'(detected_fragment=244.1496;diff_ppm=0.8)|'Leu-Pip(y2, [M+H]+)'(detected_fragment=244.1496;diff_ppm=0.8)|'Cys-Pip(y2, [M+H]+)'(detected_fragment=234.0739;diff_ppm=2.7)|'Gly-Met(y2, [M+H]+)'(detected_fragment=207.0808;diff_ppm=4.9)|'Thr-Trp(y2, [M+H]+)'(detected_fragment=306.1468;diff_ppm=6.4)|'Cys-Pip(b2, [M+H]+)'(detected_fragment=216.0621;diff_ppm=8.7)"
107,13000,3200,492.3061,16.75,true,5456_5455_mod.mzXML|5452_5451_mod.mzXML,2,false,S,AF,25.0,36.0,true,,,,,"'Asn-Asp(b2, [M+H]+)'(detected_fragment=230.0766;diff_ppm=2.4)"
108,17000,4700,480.3067,17.09,true,5456_5455_mod.mzXML|5458_5457_mod.mzXML|5452_5451_mod.mzXML,3,false,C|S,AF,25.0,38.0,,,,'KF 77AG6 M+H'(score=0.81;algorithm=ms2deepscore;diff_mz=114.1167),,"'Asn-Asp(b2, [M+H]+)'(detected_fragment=230.0776;diff_ppm=2.0)"
109,12000,4900,494.3215,18.41,true,5456_5455_mod.mzXML|5452_5451_mod.mzXML,2,false,S,AF,25.0,26.0,true,,,,,
110,6200,1900,482.3213,18.54,true,5456_5455_mod.mzXML|5452_5451_mod.mzXML,2,false,S,AF,25.0,39.0,true,,"'Trp-oxazole(ribosomal, putatively from AAs W-S)'(detected_loss=254.0932;diff_ppm=4.7)",,,
112,10000,1300,663.1909,9.68,true,5446_5445_mod.mzXML,1,false,S,AF,41.0,32.0,true,,"'Met-methyloxazole(ribosomal, putatively from AAs M-T)'(detected_loss=213.0691;diff_ppm=0.5)|'Sulfonylurea-herbicide-derived(C7H10N4O3)'(detected_loss=198.0758;diff_ppm=2.5)|'Methionine sulfone(O2-Met, putatively from nonribosomal peptide)'(detected_loss=163.1988;diff_ppm=4.8)|'Trp-thiazoline(ribosomal, putatively from AAs W-C)'(detected_loss=272.0824;diff_ppm=9.6)",'Biarylitide YFH M+H'(score=0.81;algorithm=ms2deepscore;diff_mz=156.9889),,"'Val-Tyr(b2, [M+H]+)'(detected_fragment=263.1396;diff_ppm=2.2)|'Pro-Phe(y2, [M+H]+)'(detected_fragment=263.1396;diff_ppm=2.2)|'Pro-Met(b2, [M+H]+)'(detected_fragment=229.1014;diff_ppm=3.8)|'Asn-Asp(b2, [M+H]+)'(detected_fragment=230.079;diff_ppm=8.0)"
113,5400,680,647.197,9.82,true,5446_5445_mod.mzXML,1,false,S,AF,42.0,32.0,true,,"'D-3-iodo-N-methyl-Tyrosine(D-I-NMe-Tyr, putatively from nonribosomal peptide)'(detected_loss=303.1026;diff_ppm=5.0)",,,"'Phe-Trp(y2, [M+H]+)'(detected_fragment=352.166;diff_ppm=1.2)|'Gln-Glu(b2, [M+H]+)'(detected_fragment=258.1074;diff_ppm=4.1)|'Gly-Arg(b2, [M+H]+)'(detected_fragment=214.1313;diff_ppm=6.8)"
114,6900,610,689.2105,2.03,true,5456_5455_mod.mzXML,1,false,S,AF,12.0,40.0,true,,"'gulose(C6H12O6, putatively from glycoside)'(detected_loss=162.0541;diff_ppm=7.9)|'glucose(C6H12O6, putatively from glycoside)'(detected_loss=162.0541;diff_ppm=7.9)|'mannose(C6H12O6, putatively from glycoside)'(detected_loss=162.0541;diff_ppm=7.9)",,,
115,5500,900,190.0841,6.14,true,5456_5455_mod.mzXML,1,false,S,AF,43.0,41.0,true,,,,,
116,11000,1400,334.1383,7.12,true,5456_5455_mod.mzXML|5458_5457_mod.mzXML,2,false,C|S,AF,44.0,42.0,,,"'Glutamine(C5H10N2O3, putatively from metabolite)'(detected_loss=146.0694;diff_ppm=2.1)",,,"'Pip-Pip(b2, [M+H]+)'(detected_fragment=225.1013;diff_ppm=4.4)|'Thr-Dha(b2, [M+H]+)'(detected_fragment=171.0773;diff_ppm=5.1)|'Ser-Dhb(b2, [M+H]+)'(detected_fragment=171.0773;diff_ppm=5.2)|'Dha-Dhb(y2, [M+H]+)'(detected_fragment=171.0773;diff_ppm=5.3)|'Cys-Gln(b2, [M+H]+)'(detected_fragment=232.0768;diff_ppm=7.5)"
117,5400,860,1649.9559,15.09,true,5456_5455_mod.mzXML,1,false,S,AF,,,true,,,,,
118,5500,1300,496.3372,19.53,true,5456_5455_mod.mzXML,1,false,S,AF,25.0,26.0,true,,,,,
120,6600,1400,504.6968,1.64,true,5458_5457_mod.mzXML,1,false,C,AF,45.0,0.0,,,,,,
121,10000,2200,513.7019,1.72,true,5458_5457_mod.mzXML,1,false,C,AF,46.0,43.0,,,,,'unknown'(score=0.7581;algorithm=ms2query;diff_mz=64.5751),"'Asp-Trp(b2, [M+H]+)'(detected_fragment=302.1136;diff_ppm=0.2)|'Asp-Pip(y2, [M+H]+)'(detected_fragment=246.0929;diff_ppm=2.5)|'Pro-Pro(y2, [M+H]+)'(detected_fragment=213.1249;diff_ppm=7.2)|'Glu-His(y2, [M+H]+)'(detected_fragment=285.1168;diff_ppm=8.9)|'Asn-Met(b2, [M+H]+)'(detected_fragment=246.0929;diff_ppm=8.9)"
122,8100,1900,409.1802,3.6,true,5458_5457_mod.mzXML,1,false,C,AF,2.0,33.0,,,"'Pro-methyloxazoline(ribosomal, putatively from AAs P-T)'(detected_loss=181.0973;diff_ppm=1.7)|'Leucine-oxazole(ribosomal, putatively from AAs L-S)'(detected_loss=181.0973;diff_ppm=1.7)|'Isoleucine-oxazole(ribosomal, putatively from AAs I-S)'(detected_loss=181.0973;diff_ppm=1.7)|'Val-methyloxazole(ribosomal, putatively from AAs V-T)'(detected_loss=181.0973;diff_ppm=1.7)|'2xWater(2xH2O, putatively from metabolite)'(detected_loss=36.0212;diff_ppm=2.8)|'4-deoxy-4-thio-D-digitoxose (C6H12O3S, putatively from glycoside)'(detected_loss=146.0409;diff_ppm=5.1)|'Pro-methyloxazole(ribosomal, putatively from AAs P-T)'(detected_loss=179.0831;diff_ppm=6.1)|'His-thiazoline(ribosomal, putatively from AAs H-C)'(detected_loss=223.0666;diff_ppm=7.2)|'Pro-oxazole(ribosomal, putatively from AAs P-S)'(detected_loss=165.0672;diff_ppm=7.3)|'Dhb-methyloxazole(ribosomal, putatively from AAs T-T)'(detected_loss=165.0672;diff_ppm=7.3)",,,"'Ser-Val(b2, [M+H]+)'(detected_fragment=187.1078;diff_ppm=0.4)|'Ala-Pro(y2, [M+H]+)'(detected_fragment=187.1078;diff_ppm=0.5)|'Val-Dha(y2, [M+H]+)'(detected_fragment=187.1078;diff_ppm=0.5)|'Pro-Glu(y2, [M+H]+)'(detected_fragment=245.113;diff_ppm=0.8)|'Val-Tyr(b2, [M+H]+)'(detected_fragment=263.1393;diff_ppm=1.1)|'Pro-Phe(y2, [M+H]+)'(detected_fragment=263.1393;diff_ppm=1.1)|'Ala-Pip(b2, [M+H]+)'(detected_fragment=184.0921;diff_ppm=1.1)|'Asn-Asn(y2, [M+H]+)'(detected_fragment=247.1033;diff_ppm=1.6)|'Ser-Asp(y2, [M+H]+)'(detected_fragment=221.0779;diff_ppm=4.9)|'Asp-Pip(b2, [M+H]+)'(detected_fragment=228.0829;diff_ppm=5.2)|'Gln-Phe(y2, [M+H]+)'(detected_fragment=294.143;diff_ppm=6.2)|'Thr-Gln(y2, [M+H]+)'(detected_fragment=248.1263;diff_ppm=8.9)|'Asp-Orn(y2, [M+H]+)'(detected_fragment=248.1263;diff_ppm=8.9)"
123,5000,1500,502.3212,5.72,true,5458_5457_mod.mzXML,1,false,C,AF,1.0,44.0,,,"'4-O-acetyl-L-arcanose(C10H18O5, putatively from glycoside)'(detected_loss=200.1034;diff_ppm=7.3)",,,"'Gly-His(y2, [M+H]+)'(detected_fragment=213.0967;diff_ppm=7.1)|'Thr-Tyr(y2, [M+H]+)'(detected_fragment=283.1316;diff_ppm=9.7)"
124,7600,950,363.1068,5.98,true,5458_5457_mod.mzXML,1,false,C,AF,47.0,32.0,,,,'Siomycin_D1 M+H'(score=0.81;algorithm=ms2deepscore;diff_mz=454.6222)|'Siomycin_A/Sporangiomycin M+2H'(score=0.8;algorithm=ms2deepscore;diff_mz=461.6322),,"'Gly-Pip(b2, [M+H]+)'(detected_fragment=170.0759;diff_ppm=2.0)|'Gln-His(y2, [M+H]+)'(detected_fragment=284.1342;diff_ppm=4.0)"
125,10000,1600,457.1806,6.3,true,5458_5457_mod.mzXML,1,false,C,AF,2.0,45.0,,,"'3-O-carbamoyl-4-O-methyl-L-noviose(C9H17NO6, putatively from glycoside)'(detected_loss=217.0953;diff_ppm=1.3)|'2-bromo-5-hydroxytryptophan(Br-OH-Trp, putatively from nonribosomal peptide)'(detected_loss=281.1118;diff_ppm=6.1)|'D-3-bromo-N-methyl-Tyrosine(D-Br-NMe-Tyr, putatively from nonribosomal peptide)'(detected_loss=256.0987;diff_ppm=7.5)|'Tyr-methyloxazoline(ribosomal, putatively from AAs Y-T)'(detected_loss=247.1089;diff_ppm=7.7)|'Phe-oxazoline(ribosomal, putatively from AAs F-S)'(detected_loss=217.0953;diff_ppm=7.8)",,,"'Asn-Dha(b2, [M+H]+)'(detected_fragment=184.0715;diff_ppm=0.9)|'Met-His(y2, [M+H]+)'(detected_fragment=287.1176;diff_ppm=1.3)|'Met-Phe(b2, [M+H]+)'(detected_fragment=279.1152;diff_ppm=3.5)|'Asn-Asn(b2, [M+H]+)'(detected_fragment=229.094;diff_ppm=3.8)|'Asn-Met(b2, [M+H]+)'(detected_fragment=246.0896;diff_ppm=4.5)|'Thr-Met(b2, [M+H]+)'(detected_fragment=233.0965;diff_ppm=4.5)|'Met-Dhb(y2, [M+H]+)'(detected_fragment=233.0965;diff_ppm=4.6)"
126,6000,690,166.0844,6.33,true,5458_5457_mod.mzXML,1,false,C,AF,,,,,,,,
127,7100,850,555.2499,7.24,true,5458_5457_mod.mzXML,1,false,C,AF,48.0,46.0,,,'Naphthoyl-derived(C10H8)'(detected_loss=128.0638;diff_ppm=9.4),,,"'Asn-Tyr(y2, [M+H]+)'(detected_fragment=296.1241;diff_ppm=0.0)|'Glu-Met(y2, [M+H]+)'(detected_fragment=279.1009;diff_ppm=0.1)|'Pro-Cys(b2, [M+H]+)'(detected_fragment=201.0685;diff_ppm=3.6)|'Met-Dha(b2, [M+H]+)'(detected_fragment=201.0685;diff_ppm=3.6)|'Pip-Orn(b2, [M+H]+)'(detected_fragment=227.136;diff_ppm=8.5)|'Ala-Cys(b2, [M+H]+)'(detected_fragment=175.052;diff_ppm=9.0)|'Met-Trp(y2, [M+H]+)'(detected_fragment=336.1409;diff_ppm=9.7)"
128,5200,750,211.1421,8.2,true,5458_5457_mod.mzXML,1,false,C,AF,49.0,47.0,,,"'Carbon-monoxide(CO, putatively from metabolite)'(detected_loss=27.9947;diff_ppm=7.1)",,,
129,6300,1100,470.2855,15.07,true,5458_5457_mod.mzXML,1,false,C,AF,25.0,35.0,,,,,,
130,6900,1200,484.301,15.34,true,5458_5457_mod.mzXML,1,false,C,AF,,,,,,,,
131,5900,1500,437.1913,15.94,true,5458_5457_mod.mzXML,1,false,C,AF,50.0,48.0,,[M+Na]+(partner_ID=48;adduct=[M+H]+;m/z=415.2096),,,,
132,11000,2000,454.2903,17.11,true,5458_5457_mod.mzXML|D3_H3_mod.mzXML,2,true,,,25.0,26.0,,,"'Ser-thiazole(ribosomal, putatively from AAs S-C)'(detected_loss=171.0217;diff_ppm=1.8)|'Cys-oxazole(ribosomal, putatively from AAs C-S)'(detected_loss=171.0217;diff_ppm=1.8)|'Glu-thiazoline(ribosomal, putatively from AAs E-C)'(detected_loss=215.0482;diff_ppm=3.7)",,'1-Palmitoyl-2-hydroxy-sn-glycero-3-phosphoethanolamine'(score=0.7419;algorithm=ms2query;diff_mz=0.0003),
133,7300,940,433.0049,1.83,true,D3_H3_mod.mzXML,1,true,,,24.0,11.0,,,,,,
134,5300,490,448.9785,1.88,true,D3_H3_mod.mzXML,1,true,,,24.0,11.0,,,,,,
135,7200,1300,203.0527,2.08,true,D3_H3_mod.mzXML,1,true,,,,,,,,,,
136,5900,810,276.1481,2.39,true,D3_H3_mod.mzXML,1,true,,,51.0,18.0,,,,,,"'Val-Pip(y2, [M+H]+)'(detected_fragment=230.1342;diff_ppm=2.0)|'Lys-Met(b2, [M+H]+)'(detected_fragment=260.1422;diff_ppm=2.0)|'Gly-Val(y2, [M+H]+)'(detected_fragment=175.1068;diff_ppm=5.2)|'Val-Glu(y2, [M+H]+)'(detected_fragment=247.1306;diff_ppm=7.1)|'Ile-Asp(y2, [M+H]+)'(detected_fragment=247.1306;diff_ppm=7.1)|'Leu-Asp(y2, [M+H]+)'(detected_fragment=247.1306;diff_ppm=7.1)|'Tyr-Pip(y2, [M+H]+)'(detected_fragment=294.1263;diff_ppm=8.1)"
137,7300,1100,268.1025,3.34,true,D3_H3_mod.mzXML,1,true,,,52.0,0.0,,,,,,"'Ala-Gln(b2, [M+H]+)'(detected_fragment=200.1013;diff_ppm=8.3)"
138,6200,1300,310.1277,3.7,true,D3_H3_mod.mzXML,1,true,,,53.0,48.0,,,,,,"'Thr-Tyr(b2, [M+H]+)'(detected_fragment=265.12;diff_ppm=6.4)|'Tyr-Dhb(y2, [M+H]+)'(detected_fragment=265.12;diff_ppm=6.5)|'Asn-Dha(y2, [M+H]+)'(detected_fragment=202.0804;diff_ppm=9.1)|'Ser-Asn(b2, [M+H]+)'(detected_fragment=202.0804;diff_ppm=9.1)"
139,6100,780,188.0711,5.53,true,D3_H3_mod.mzXML,1,true,,,20.0,49.0,,,,,,
140,26000,4300,417.114,7.49,true,D3_H3_mod.mzXML,1,true,,,12.0,11.0,,,"'3-5-dichloro-4-hydroxyphenylglycine(Cl2-Hpg, putatively from nonribosomal peptide)'(detected_loss=218.0418;diff_ppm=1.2)|'D-glucose(C6H12O6, putatively from glycoside)'(detected_loss=162.051;diff_ppm=8.9)|'D-galactose(C6H12O6, putatively from glycoside)'(detected_loss=162.051;diff_ppm=8.9)|'D-mannose(C6H12O6, putatively from glycoside)'(detected_loss=162.051;diff_ppm=8.9)",,'Daidzin'(score=0.841;algorithm=ms2query;diff_mz=0.002),"'Glu-Dha(b2, [M+H]+)'(detected_fragment=199.0722;diff_ppm=4.4)|'Asp-Dhb(b2, [M+H]+)'(detected_fragment=199.0722;diff_ppm=4.4)"
141,12000,1900,255.0614,7.5,true,D3_H3_mod.mzXML,1,true,,,5.0,0.0,,,,,,
142,9000,1600,271.0563,8.59,true,D3_H3_mod.mzXML,1,true,,,5.0,11.0,,,,,,
143,23000,3900,433.1091,8.59,true,D3_H3_mod.mzXML,1,true,,,12.0,11.0,,,"'D-glucose(C6H12O6, putatively from glycoside)'(detected_loss=162.052;diff_ppm=2.7)|'D-galactose(C6H12O6, putatively from glycoside)'(detected_loss=162.052;diff_ppm=2.7)|'D-mannose(C6H12O6, putatively from glycoside)'(detected_loss=162.052;diff_ppm=2.7)|'gulose(C6H12O6, putatively from glycoside)'(detected_loss=162.052;diff_ppm=5.1)|'glucose(C6H12O6, putatively from glycoside)'(detected_loss=162.052;diff_ppm=5.1)|'mannose(C6H12O6, putatively from glycoside)'(detected_loss=162.052;diff_ppm=5.1)",,'Genistin'(score=0.8526;algorithm=ms2query;diff_mz=0.0019),
144,7400,920,459.1239,9.1,true,D3_H3_mod.mzXML,1,true,,,,,,,,,,
145,8500,1200,475.1176,10.19,true,D3_H3_mod.mzXML,1,true,,,12.0,11.0,,,,,,
146,56000,9300,274.2712,11.32,true,D3_H3_mod.mzXML,1,true,,,20.0,21.0,,,,,,
147,5300,620,318.2964,11.39,true,D3_H3_mod.mzXML,1,true,,,20.0,21.0,,,,,,
148,16000,3400,302.3026,12.67,true,D3_H3_mod.mzXML,1,true,,,20.0,50.0,,,,,,
149,13000,4100,330.3346,14.17,true,D3_H3_mod.mzXML,1,true,,,20.0,51.0,,,,,,
150,21000,4100,518.3225,15.34,true,D3_H3_mod.mzXML,1,true,,,1.0,52.0,,,,,'PC(16:0/16:1)'(score=0.7898;algorithm=ms2query;diff_mz=213.2245),"'Gln-Glu(b2, [M+H]+)'(detected_fragment=258.11;diff_ppm=6.0)|'Asn-Dha(b2, [M+H]+)'(detected_fragment=184.073;diff_ppm=7.2)"
151,6400,1700,640.3435,15.61,true,D3_H3_mod.mzXML,1,true,,,25.0,36.0,,,"'Dehydrobutyrine (Dhb)(ribosomal, putatively from AAs T)'(detected_loss=83.0366;diff_ppm=4.8)",,,"'Gly-Pip(y2, [M+H]+)'(detected_fragment=188.0876;diff_ppm=4.2)"
152,14000,3900,536.2837,15.92,true,D3_H3_mod.mzXML,1,true,,,54.0,53.0,,,"'Phe-methyloxazoline(ribosomal, putatively from AAs F-T)'(detected_loss=231.1126;diff_ppm=2.6)",,,"'Cys-His(b2, [M+H]+)'(detected_fragment=241.0753;diff_ppm=0.3)"
153,30000,5200,520.3384,16.17,true,D3_H3_mod.mzXML,1,true,,,1.0,52.0,,,,,'LPC 18:2'(score=0.8091;algorithm=ms2query;diff_mz=0.0016),"'Gln-Glu(b2, [M+H]+)'(detected_fragment=258.1075;diff_ppm=3.7)"
154,23000,3900,478.291,16.37,true,D3_H3_mod.mzXML,1,true,,,25.0,36.0,,,,,,
155,89000,30000,520.3393,16.51,true,D3_H3_mod.mzXML,1,true,,,1.0,52.0,,[M+2H]2+(partner_ID=156;adduct=[2M+H]+;m/z=1039.6675),,,'LPC 18:2'(score=0.8285;algorithm=ms2query;diff_mz=0.0007),"'Gln-Glu(b2, [M+H]+)'(detected_fragment=258.1075;diff_ppm=3.7)"
156,17000,2600,1039.6675,16.53,true,D3_H3_mod.mzXML,1,true,,,55.0,52.0,,[2M+H]+(partner_ID=155;adduct=[M+2H]2+;m/z=520.3393),,,,"'Asn-Dha(b2, [M+H]+)'(detected_fragment=184.0733;diff_ppm=8.9)"
157,7200,1500,496.3377,16.98,true,D3_H3_mod.mzXML,1,true,,,1.0,52.0,,,"'Asn-oxazole(ribosomal, putatively from AAs N-S)'(detected_loss=182.0547;diff_ppm=7.1)",,,
158,54000,14000,496.3387,17.42,true,D3_H3_mod.mzXML,1,true,,,1.0,52.0,,,,,'1-Hexadecanoyl-2-(9Z-octadecenoyl)-sn-glycero-3-phosphocholine'(score=0.927;algorithm=ms2query;diff_mz=264.2473),"'Gln-Glu(b2, [M+H]+)'(detected_fragment=258.1103;diff_ppm=7.2)"
159,24000,6800,522.3537,18.14,true,D3_H3_mod.mzXML,1,true,,,1.0,52.0,,,,,'PC(16:1/22:6)'(score=0.9167;algorithm=ms2query;diff_mz=281.1933),"'Gln-Glu(b2, [M+H]+)'(detected_fragment=258.1091;diff_ppm=2.5)"
