id,intensity_range:min,intensity_range:max,height,area,mz_range:min,mz_range:max,fragment_scans,rt_range:min,rt_range:max,charge,mz,rt,datafile:5440_5439_mod.mzXML:fwhm,datafile:5440_5439_mod.mzXML:intensity_range:min,datafile:5440_5439_mod.mzXML:intensity_range:max,datafile:5440_5439_mod.mzXML:fragment_scans,datafile:5440_5439_mod.mzXML:rt_range:min,datafile:5440_5439_mod.mzXML:rt_range:max,datafile:5440_5439_mod.mzXML:feature_state,datafile:5440_5439_mod.mzXML:rt,datafile:5440_5439_mod.mzXML:mz,datafile:5440_5439_mod.mzXML:tailing_factor,datafile:5440_5439_mod.mzXML:height,datafile:5440_5439_mod.mzXML:area,datafile:5440_5439_mod.mzXML:mz_range:min,datafile:5440_5439_mod.mzXML:mz_range:max,datafile:5440_5439_mod.mzXML:asymmetry_factor,datafile:5440_5439_mod.mzXML:charge,datafile:5440_5439_mod.mzXML:isotopes,datafile:5432_5431_mod2.mzXML:fwhm,datafile:5432_5431_mod2.mzXML:intensity_range:min,datafile:5432_5431_mod2.mzXML:intensity_range:max,datafile:5432_5431_mod2.mzXML:fragment_scans,datafile:5432_5431_mod2.mzXML:rt_range:min,datafile:5432_5431_mod2.mzXML:rt_range:max,datafile:5432_5431_mod2.mzXML:feature_state,datafile:5432_5431_mod2.mzXML:rt,datafile:5432_5431_mod2.mzXML:mz,datafile:5432_5431_mod2.mzXML:tailing_factor,datafile:5432_5431_mod2.mzXML:height,datafile:5432_5431_mod2.mzXML:area,datafile:5432_5431_mod2.mzXML:mz_range:min,datafile:5432_5431_mod2.mzXML:mz_range:max,datafile:5432_5431_mod2.mzXML:asymmetry_factor,datafile:5432_5431_mod2.mzXML:charge,datafile:5432_5431_mod2.mzXML:isotopes,datafile:5425_5426_mod.mzXML:fwhm,datafile:5425_5426_mod.mzXML:intensity_range:min,datafile:5425_5426_mod.mzXML:intensity_range:max,datafile:5425_5426_mod.mzXML:fragment_scans,datafile:5425_5426_mod.mzXML:rt_range:min,datafile:5425_5426_mod.mzXML:rt_range:max,datafile:5425_5426_mod.mzXML:feature_state,datafile:5425_5426_mod.mzXML:rt,datafile:5425_5426_mod.mzXML:mz,datafile:5425_5426_mod.mzXML:tailing_factor,datafile:5425_5426_mod.mzXML:height,datafile:5425_5426_mod.mzXML:area,datafile:5425_5426_mod.mzXML:mz_range:min,datafile:5425_5426_mod.mzXML:mz_range:max,datafile:5425_5426_mod.mzXML:asymmetry_factor,datafile:5425_5426_mod.mzXML:charge,datafile:5425_5426_mod.mzXML:isotopes,datafile:5434_5433_mod.mzXML:fwhm,datafile:5434_5433_mod.mzXML:intensity_range:min,datafile:5434_5433_mod.mzXML:intensity_range:max,datafile:5434_5433_mod.mzXML:fragment_scans,datafile:5434_5433_mod.mzXML:rt_range:min,datafile:5434_5433_mod.mzXML:rt_range:max,datafile:5434_5433_mod.mzXML:feature_state,datafile:5434_5433_mod.mzXML:rt,datafile:5434_5433_mod.mzXML:mz,datafile:5434_5433_mod.mzXML:tailing_factor,datafile:5434_5433_mod.mzXML:height,datafile:5434_5433_mod.mzXML:area,datafile:5434_5433_mod.mzXML:mz_range:min,datafile:5434_5433_mod.mzXML:mz_range:max,datafile:5434_5433_mod.mzXML:asymmetry_factor,datafile:5434_5433_mod.mzXML:charge,datafile:5434_5433_mod.mzXML:isotopes,datafile:5450_5449_mod.mzXML:fwhm,datafile:5450_5449_mod.mzXML:intensity_range:min,datafile:5450_5449_mod.mzXML:intensity_range:max,datafile:5450_5449_mod.mzXML:fragment_scans,datafile:5450_5449_mod.mzXML:rt_range:min,datafile:5450_5449_mod.mzXML:rt_range:max,datafile:5450_5449_mod.mzXML:feature_state,datafile:5450_5449_mod.mzXML:rt,datafile:5450_5449_mod.mzXML:mz,datafile:5450_5449_mod.mzXML:tailing_factor,datafile:5450_5449_mod.mzXML:height,datafile:5450_5449_mod.mzXML:area,datafile:5450_5449_mod.mzXML:mz_range:min,datafile:5450_5449_mod.mzXML:mz_range:max,datafile:5450_5449_mod.mzXML:asymmetry_factor,datafile:5450_5449_mod.mzXML:charge,datafile:5450_5449_mod.mzXML:isotopes,datafile:5444_5443_mod.mzXML:fwhm,datafile:5444_5443_mod.mzXML:intensity_range:min,datafile:5444_5443_mod.mzXML:intensity_range:max,datafile:5444_5443_mod.mzXML:fragment_scans,datafile:5444_5443_mod.mzXML:rt_range:min,datafile:5444_5443_mod.mzXML:rt_range:max,datafile:5444_5443_mod.mzXML:feature_state,datafile:5444_5443_mod.mzXML:rt,datafile:5444_5443_mod.mzXML:mz,datafile:5444_5443_mod.mzXML:tailing_factor,datafile:5444_5443_mod.mzXML:height,datafile:5444_5443_mod.mzXML:area,datafile:5444_5443_mod.mzXML:mz_range:min,datafile:5444_5443_mod.mzXML:mz_range:max,datafile:5444_5443_mod.mzXML:asymmetry_factor,datafile:5444_5443_mod.mzXML:charge,datafile:5444_5443_mod.mzXML:isotopes,datafile:5452_5451_mod.mzXML:fwhm,datafile:5452_5451_mod.mzXML:intensity_range:min,datafile:5452_5451_mod.mzXML:intensity_range:max,datafile:5452_5451_mod.mzXML:fragment_scans,datafile:5452_5451_mod.mzXML:rt_range:min,datafile:5452_5451_mod.mzXML:rt_range:max,datafile:5452_5451_mod.mzXML:feature_state,datafile:5452_5451_mod.mzXML:rt,datafile:5452_5451_mod.mzXML:mz,datafile:5452_5451_mod.mzXML:tailing_factor,datafile:5452_5451_mod.mzXML:height,datafile:5452_5451_mod.mzXML:area,datafile:5452_5451_mod.mzXML:mz_range:min,datafile:5452_5451_mod.mzXML:mz_range:max,datafile:5452_5451_mod.mzXML:asymmetry_factor,datafile:5452_5451_mod.mzXML:charge,datafile:5452_5451_mod.mzXML:isotopes,datafile:5446_5445_mod.mzXML:fwhm,datafile:5446_5445_mod.mzXML:intensity_range:min,datafile:5446_5445_mod.mzXML:intensity_range:max,datafile:5446_5445_mod.mzXML:fragment_scans,datafile:5446_5445_mod.mzXML:rt_range:min,datafile:5446_5445_mod.mzXML:rt_range:max,datafile:5446_5445_mod.mzXML:feature_state,datafile:5446_5445_mod.mzXML:rt,datafile:5446_5445_mod.mzXML:mz,datafile:5446_5445_mod.mzXML:tailing_factor,datafile:5446_5445_mod.mzXML:height,datafile:5446_5445_mod.mzXML:area,datafile:5446_5445_mod.mzXML:mz_range:min,datafile:5446_5445_mod.mzXML:mz_range:max,datafile:5446_5445_mod.mzXML:asymmetry_factor,datafile:5446_5445_mod.mzXML:charge,datafile:5446_5445_mod.mzXML:isotopes,datafile:5456_5455_mod.mzXML:fwhm,datafile:5456_5455_mod.mzXML:intensity_range:min,datafile:5456_5455_mod.mzXML:intensity_range:max,datafile:5456_5455_mod.mzXML:fragment_scans,datafile:5456_5455_mod.mzXML:rt_range:min,datafile:5456_5455_mod.mzXML:rt_range:max,datafile:5456_5455_mod.mzXML:feature_state,datafile:5456_5455_mod.mzXML:rt,datafile:5456_5455_mod.mzXML:mz,datafile:5456_5455_mod.mzXML:tailing_factor,datafile:5456_5455_mod.mzXML:height,datafile:5456_5455_mod.mzXML:area,datafile:5456_5455_mod.mzXML:mz_range:min,datafile:5456_5455_mod.mzXML:mz_range:max,datafile:5456_5455_mod.mzXML:asymmetry_factor,datafile:5456_5455_mod.mzXML:charge,datafile:5456_5455_mod.mzXML:isotopes,datafile:5458_5457_mod.mzXML:fwhm,datafile:5458_5457_mod.mzXML:intensity_range:min,datafile:5458_5457_mod.mzXML:intensity_range:max,datafile:5458_5457_mod.mzXML:fragment_scans,datafile:5458_5457_mod.mzXML:rt_range:min,datafile:5458_5457_mod.mzXML:rt_range:max,datafile:5458_5457_mod.mzXML:feature_state,datafile:5458_5457_mod.mzXML:rt,datafile:5458_5457_mod.mzXML:mz,datafile:5458_5457_mod.mzXML:tailing_factor,datafile:5458_5457_mod.mzXML:height,datafile:5458_5457_mod.mzXML:area,datafile:5458_5457_mod.mzXML:mz_range:min,datafile:5458_5457_mod.mzXML:mz_range:max,datafile:5458_5457_mod.mzXML:asymmetry_factor,datafile:5458_5457_mod.mzXML:charge,datafile:5458_5457_mod.mzXML:isotopes,datafile:D3_H3_mod.mzXML:fwhm,datafile:D3_H3_mod.mzXML:intensity_range:min,datafile:D3_H3_mod.mzXML:intensity_range:max,datafile:D3_H3_mod.mzXML:fragment_scans,datafile:D3_H3_mod.mzXML:rt_range:min,datafile:D3_H3_mod.mzXML:rt_range:max,datafile:D3_H3_mod.mzXML:feature_state,datafile:D3_H3_mod.mzXML:rt,datafile:D3_H3_mod.mzXML:mz,datafile:D3_H3_mod.mzXML:tailing_factor,datafile:D3_H3_mod.mzXML:height,datafile:D3_H3_mod.mzXML:area,datafile:D3_H3_mod.mzXML:mz_range:min,datafile:D3_H3_mod.mzXML:mz_range:max,datafile:D3_H3_mod.mzXML:asymmetry_factor,datafile:D3_H3_mod.mzXML:charge,datafile:D3_H3_mod.mzXML:isotopes
1,1.1E3,1.7E4,1.7E4,2.5E3,268.9968,268.9983,30,1.72,2.03,,268.9976,1.88,0.14,1.6E3,6.8E3,3,1.79,1.97,DETECTED,1.85,268.9979,1.33,6.8E3,8.0E2,268.9966,268.9986,1.67,,,0.15,2.1E3,8.6E3,3,1.80,2.00,DETECTED,1.89,268.9973,1.13,8.6E3,1.2E3,268.9964,268.9983,1.25,,,0.16,1.7E3,1.2E4,3,1.79,2.01,DETECTED,1.88,268.9979,1.25,1.2E4,1.7E3,268.9968,268.9987,1.50,,,0.17,1.2E3,9.4E3,3,1.77,2.03,DETECTED,1.87,268.9977,1.28,9.4E3,1.6E3,268.9952,268.9986,1.55,,,,,,,,,UNKNOWN,,,,,,,,,,,0.16,1.4E3,8.5E3,3,1.77,1.99,DETECTED,1.88,268.9977,1.03,8.5E3,1.2E3,268.9965,268.9994,1.05,,,0.16,1.2E3,1.1E4,3,1.77,2.01,DETECTED,1.90,268.9971,0.93,1.1E4,1.7E3,268.9948,268.9978,0.87,,,0.14,1.1E3,1.0E4,3,1.79,2.01,DETECTED,1.89,268.9974,1.11,1.0E4,1.4E3,268.9966,268.9979,1.22,,,0.16,1.5E3,1.3E4,3,1.77,2.02,DETECTED,1.90,268.9978,0.92,1.3E4,2.0E3,268.9966,268.9989,0.84,,,0.15,1.2E3,7.9E3,3,1.80,2.03,DETECTED,1.89,268.9975,1.25,7.9E3,1.2E3,268.9968,268.9983,1.50,,,0.14,1.2E3,1.7E4,3,1.72,1.99,DETECTED,1.83,268.9974,1.18,1.7E4,2.5E3,268.9950,268.9980,1.36,,
2,1.0E3,9.6E3,9.6E3,1.3E3,284.9703,284.9728,30,1.79,2.03,,284.9716,1.93,0.12,1.0E3,6.8E3,3,1.81,1.99,DETECTED,1.90,284.9715,1.00,6.8E3,7.8E2,284.9698,284.9729,1.00,,,0.14,1.4E3,9.6E3,3,1.82,2.02,DETECTED,1.93,284.9716,0.90,9.6E3,1.2E3,284.9711,284.9721,0.80,,,0.14,1.1E3,8.8E3,3,1.81,2.01,DETECTED,1.92,284.9717,0.90,8.8E3,1.2E3,284.9706,284.9726,0.80,,,0.15,1.1E3,9.2E3,3,1.81,2.03,DETECTED,1.96,284.9716,0.71,9.2E3,1.3E3,284.9710,284.9724,0.43,,,,,,,,,UNKNOWN,,,,,,,,,,,0.15,1.2E3,7.9E3,3,1.81,2.03,DETECTED,1.92,284.9714,0.98,7.9E3,1.1E3,284.9704,284.9724,0.95,,,0.14,1.6E3,9.3E3,3,1.83,2.03,DETECTED,1.94,284.9712,0.88,9.3E3,1.2E3,284.9705,284.9724,0.75,,,0.12,1.5E3,7.2E3,3,1.82,2.00,DETECTED,1.91,284.9716,1.00,7.2E3,8.7E2,284.9707,284.9725,1.00,,,0.12,2.0E3,9.2E3,3,1.84,2.02,DETECTED,1.95,284.9713,0.80,9.2E3,1.0E3,284.9702,284.9719,0.60,,,0.14,1.7E3,8.9E3,3,1.82,2.03,DETECTED,1.96,284.9716,0.75,8.9E3,1.2E3,284.9703,284.9728,0.50,,,0.12,1.6E3,9.4E3,3,1.79,1.98,DETECTED,1.90,284.9725,0.85,9.4E3,1.1E3,284.9708,284.9740,0.70,,
3,1.0E3,4.0E4,4.0E4,8.5E3,247.1246,247.1287,228,3.41,4.07,,247.1276,3.57,0.15,1.1E3,1.8E4,12,3.45,3.84,DETECTED,3.55,247.1275,1.89,1.8E4,3.1E3,247.1253,247.1284,2.59,,,0.20,1.3E3,3.4E4,15,3.41,3.95,DETECTED,3.56,247.1276,1.75,3.4E4,7.5E3,247.1254,247.1281,2.14,,,0.18,1.2E3,2.2E4,32,3.43,3.89,DETECTED,3.56,247.1275,1.82,2.2E4,4.4E3,247.1254,247.1285,2.03,,,0.16,1.0E3,2.8E4,22,3.45,3.98,DETECTED,3.60,247.1276,1.70,2.8E4,5.2E3,247.1253,247.1291,2.08,,,,,,,,,UNKNOWN,,,,,,,,,,,0.14,1.1E3,1.7E4,28,3.45,3.80,DETECTED,3.57,247.1275,1.52,1.7E4,2.7E3,247.1252,247.1288,1.95,,,0.16,1.1E3,1.7E4,31,3.44,3.88,DETECTED,3.59,247.1274,1.56,1.7E4,3.2E3,247.1246,247.1283,1.57,,,0.17,1.1E3,2.3E4,34,3.41,3.90,DETECTED,3.57,247.1278,1.42,2.3E4,4.6E3,247.1249,247.1296,1.54,,,0.17,1.0E3,2.2E4,33,3.43,3.92,DETECTED,3.57,247.1274,1.61,2.2E4,4.1E3,247.1244,247.1286,1.80,,,0.19,1.2E3,4.0E4,21,3.43,4.07,DETECTED,3.58,247.1278,2.01,4.0E4,8.5E3,247.1246,247.1287,2.17,,,,,,,,,UNKNOWN,,,,,,,,,,
4,1.0E3,5.8E4,5.8E4,9.5E3,261.1427,261.1449,220,5.39,6.00,,261.1439,5.57,0.14,1.1E3,1.9E4,25,5.45,5.75,DETECTED,5.58,261.1438,1.16,1.9E4,2.9E3,261.1425,261.1443,1.27,,,0.16,1.1E3,4.9E4,18,5.39,5.72,DETECTED,5.52,261.1442,1.30,4.9E4,8.0E3,261.1421,261.1448,7.05,1,2,0.14,1.3E3,2.7E4,8,5.42,5.71,DETECTED,5.53,261.1444,1.40,2.7E4,4.1E3,261.1436,261.1453,2.08,,,0.16,1.5E3,4.2E4,16,5.42,5.74,DETECTED,5.55,261.1440,1.27,4.2E4,6.8E3,261.1424,261.1446,1.67,1,2,0.12,1.0E3,7.3E3,32,5.75,6.00,DETECTED,5.84,261.1432,1.40,7.3E3,9.7E2,261.1416,261.1456,1.94,,,0.13,1.5E3,2.3E4,29,5.43,5.73,DETECTED,5.53,261.1437,1.55,2.3E4,3.4E3,261.1427,261.1451,4.41,,,0.13,2.0E3,2.7E4,30,5.43,5.72,DETECTED,5.54,261.1436,1.34,2.7E4,3.6E3,261.1419,261.1444,1.99,,,0.12,1.5E3,2.0E4,31,5.43,5.69,DETECTED,5.53,261.1438,1.28,2.0E4,2.7E3,261.1423,261.1449,1.59,,,0.13,1.9E3,2.7E4,22,5.42,5.69,DETECTED,5.53,261.1436,1.26,2.7E4,3.8E3,261.1423,261.1443,1.69,,,0.15,1.4E3,5.8E4,9,5.41,5.72,DETECTED,5.55,261.1444,1.16,5.8E4,9.5E3,261.1427,261.1449,1.87,1,2,,,,,,,UNKNOWN,,,,,,,,,,
5,1.0E3,2.0E4,2.0E4,3.6E3,423.1943,423.1982,78,5.66,6.10,,423.1959,5.82,0.16,1.0E3,6.8E3,29,5.70,6.05,DETECTED,5.84,423.1962,1.21,6.8E3,1.2E3,423.1924,423.1989,1.05,,,0.15,1.0E3,9.1E3,20,5.66,6.05,DETECTED,5.79,423.1957,1.48,9.1E3,1.7E3,423.1906,423.1980,1.80,,,,,,,,,UNKNOWN,,,,,,,,,,,0.17,1.4E3,1.5E4,18,5.70,6.09,DETECTED,5.83,423.1961,1.57,1.5E4,2.8E3,423.1935,423.1992,1.65,,,,,,,,,UNKNOWN,,,,,,,,,,,,,,,,,UNKNOWN,,,,,,,,,,,,,,,,,UNKNOWN,,,,,,,,,,,,,,,,,UNKNOWN,,,,,,,,,,,,,,,,,UNKNOWN,,,,,,,,,,,0.16,1.3E3,2.0E4,11,5.70,6.10,DETECTED,5.82,423.1958,10.63,2.0E4,3.6E3,423.1943,423.1982,1.90,,,,,,,,,UNKNOWN,,,,,,,,,,
6,1.0E3,7.0E4,7.0E4,1.5E4,261.1416,261.1465,252,5.69,6.28,1,261.1445,5.86,0.14,1.0E3,3.8E4,40,5.75,6.25,DETECTED,5.86,261.1439,1.96,3.8E4,6.2E3,261.1397,261.1447,2.06,,,0.17,5.6E3,6.7E4,24,5.72,6.12,DETECTED,5.85,261.1450,1.56,6.7E4,1.3E4,261.1418,261.1463,2.12,1,2,0.13,1.5E3,5.5E4,16,5.71,6.20,DETECTED,5.86,261.1448,1.58,5.5E4,8.6E3,261.1405,261.1456,1.80,1,2,0.19,4.0E3,7.0E4,20,5.74,6.19,DETECTED,5.88,261.1451,1.57,7.0E4,1.5E4,261.1418,261.1469,1.78,1,2,,,,,,,UNKNOWN,,,,,,,,,,,0.13,1.2E3,3.8E4,45,5.73,6.20,DETECTED,5.85,261.1441,1.70,3.8E4,6.1E3,261.1393,261.1447,2.01,,,0.16,1.4E3,5.5E4,38,5.72,6.25,DETECTED,5.85,261.1441,1.54,5.5E4,9.7E3,261.1397,261.1448,1.99,1,2,0.14,1.2E3,4.7E4,35,5.69,6.17,DETECTED,5.84,261.1442,1.23,4.7E4,7.7E3,261.1405,261.1451,2.17,1,2,0.15,2.1E3,5.8E4,24,5.69,6.16,DETECTED,5.86,261.1441,1.25,5.8E4,1.0E4,261.1398,261.1450,1.53,1,2,0.18,2.0E3,7.0E4,10,5.72,6.28,DETECTED,5.86,261.1452,1.58,7.0E4,1.4E4,261.1416,261.1465,1.71,1,2,,,,,,,UNKNOWN,,,,,,,,,,
7,1.0E3,4.9E4,4.9E4,7.4E3,295.1255,295.1296,124,6.21,6.65,,295.1282,6.34,0.13,1.1E3,1.1E4,9,6.25,6.53,DETECTED,6.35,295.1279,1.50,1.1E4,1.5E3,295.1261,295.1285,2.07,,,0.12,1.0E3,3.0E4,6,6.21,6.55,DETECTED,6.32,295.1284,1.62,3.0E4,4.1E3,295.1252,295.1299,1.72,1,2,0.13,1.0E3,2.3E4,21,6.24,6.63,DETECTED,6.35,295.1284,1.60,2.3E4,3.4E3,295.1262,295.1302,1.74,,,0.14,1.2E3,1.5E4,9,6.26,6.60,DETECTED,6.37,295.1280,1.85,1.5E4,2.4E3,295.1263,295.1292,1.70,,,,,,,,,UNKNOWN,,,,,,,,,,,0.12,1.0E3,1.5E4,19,6.24,6.58,DETECTED,6.33,295.1282,2.51,1.5E4,2.2E3,295.1265,295.1310,2.47,,,0.12,1.1E3,1.3E4,11,6.25,6.56,DETECTED,6.34,295.1278,1.56,1.3E4,1.8E3,295.1257,295.1302,2.36,,,0.13,1.0E3,2.3E4,15,6.23,6.60,DETECTED,6.33,295.1283,1.92,2.3E4,3.3E3,295.1250,295.1292,2.20,,,0.13,1.6E3,1.5E4,11,6.25,6.51,DETECTED,6.34,295.1278,1.43,1.5E4,2.0E3,295.1265,295.1292,1.73,,,0.13,1.5E3,4.9E4,23,6.21,6.65,DETECTED,6.34,295.1288,1.67,4.9E4,7.4E3,295.1255,295.1296,1.70,1,2,,,,,,,UNKNOWN,,,,,,,,,,
8,1.0E3,6.0E4,6.0E4,8.7E3,506.2011,506.2061,42,6.35,6.87,1,506.2034,6.47,0.12,1.0E3,5.2E4,25,6.35,6.77,DETECTED,6.47,506.2034,1.69,5.2E4,7.4E3,506.2011,506.2061,1.77,1,2,0.12,1.0E3,6.0E4,17,6.35,6.87,DETECTED,6.47,506.2033,1.59,6.0E4,8.7E3,506.1996,506.2087,1.71,1,2,,,,,,,UNKNOWN,,,,,,,,,,,,,,,,,UNKNOWN,,,,,,,,,,,,,,,,,UNKNOWN,,,,,,,,,,,,,,,,,UNKNOWN,,,,,,,,,,,,,,,,,UNKNOWN,,,,,,,,,,,,,,,,,UNKNOWN,,,,,,,,,,,,,,,,,UNKNOWN,,,,,,,,,,,,,,,,,UNKNOWN,,,,,,,,,,,,,,,,,UNKNOWN,,,,,,,,,,
9,1.0E3,8.5E4,8.5E4,1.6E4,364.1590,364.1622,85,6.43,6.93,,364.1614,6.57,0.13,1.1E3,5.5E4,26,6.45,6.93,DETECTED,6.57,364.1612,3.58,5.5E4,8.5E3,364.1589,364.1628,1.89,1,2,0.17,1.3E3,8.5E4,19,6.43,6.92,DETECTED,6.56,364.1628,4.70,8.5E4,1.6E4,364.1581,364.1641,2.08,1,2,,,,,,,UNKNOWN,,,,,,,,,,,0.12,1.0E3,1.7E4,21,6.47,6.82,DETECTED,6.58,364.1604,1.77,1.7E4,2.5E3,364.1590,364.1617,1.67,,,0.12,1.5E3,2.1E4,19,6.48,6.79,DETECTED,6.58,364.1610,1.64,2.1E4,2.8E3,364.1590,364.1622,1.71,,,,,,,,,UNKNOWN,,,,,,,,,,,,,,,,,UNKNOWN,,,,,,,,,,,,,,,,,UNKNOWN,,,,,,,,,,,,,,,,,UNKNOWN,,,,,,,,,,,,,,,,,UNKNOWN,,,,,,,,,,,,,,,,,UNKNOWN,,,,,,,,,,
10,1.1E3,1.3E4,1.3E4,3.1E3,190.0466,190.0489,57,7.60,8.17,,190.0481,7.78,0.25,1.1E3,1.1E4,28,7.69,8.17,DETECTED,7.83,190.0480,1.75,1.1E4,2.9E3,190.0466,190.0489,2.47,,,0.20,1.2E3,1.3E4,29,7.60,8.10,DETECTED,7.74,190.0482,1.77,1.3E4,3.1E3,190.0467,190.0496,2.38,,,,,,,,,UNKNOWN,,,,,,,,,,,,,,,,,UNKNOWN,,,,,,,,,,,,,,,,,UNKNOWN,,,,,,,,,,,,,,,,,UNKNOWN,,,,,,,,,,,,,,,,,UNKNOWN,,,,,,,,,,,,,,,,,UNKNOWN,,,,,,,,,,,,,,,,,UNKNOWN,,,,,,,,,,,,,,,,,UNKNOWN,,,,,,,,,,,,,,,,,UNKNOWN,,,,,,,,,,
11,1.0E3,7.0E3,7.0E3,1.1E3,194.1142,194.1174,14,8.10,8.36,,194.1156,8.19,0.15,1.0E3,5.3E3,8,8.12,8.36,DETECTED,8.19,194.1155,1.71,5.3E3,7.3E2,194.1142,194.1174,2.76,,,0.15,1.1E3,7.0E3,6,8.10,8.36,DETECTED,8.19,194.1156,1.44,7.0E3,1.1E3,194.1147,194.1168,1.81,,,,,,,,,UNKNOWN,,,,,,,,,,,,,,,,,UNKNOWN,,,,,,,,,,,,,,,,,UNKNOWN,,,,,,,,,,,,,,,,,UNKNOWN,,,,,,,,,,,,,,,,,UNKNOWN,,,,,,,,,,,,,,,,,UNKNOWN,,,,,,,,,,,,,,,,,UNKNOWN,,,,,,,,,,,,,,,,,UNKNOWN,,,,,,,,,,,,,,,,,UNKNOWN,,,,,,,,,,
12,1.2E3,1.1E5,1.1E5,2.4E4,596.3144,596.3221,66,8.92,9.56,1,596.3193,9.11,0.13,1.7E3,5.1E4,24,8.99,9.40,DETECTED,9.09,596.3198,1.78,5.1E4,7.7E3,596.3156,596.3207,2.30,1,2,0.12,1.2E3,4.8E4,22,9.04,9.44,DETECTED,9.14,596.3183,1.66,4.8E4,6.5E3,596.3087,596.3201,1.60,1,2,,,,,,,UNKNOWN,,,,,,,,,,,0.22,1.3E3,1.1E5,11,8.92,9.49,DETECTED,9.08,596.3196,1.88,1.1E5,2.4E4,596.3126,596.3214,2.34,1,3,0.19,2.2E3,1.0E5,9,9.02,9.56,DETECTED,9.12,596.3195,2.44,1.0E5,2.1E4,596.3144,596.3221,3.07,1,3,,,,,,,UNKNOWN,,,,,,,,,,,,,,,,,UNKNOWN,,,,,,,,,,,,,,,,,UNKNOWN,,,,,,,,,,,,,,,,,UNKNOWN,,,,,,,,,,,,,,,,,UNKNOWN,,,,,,,,,,,,,,,,,UNKNOWN,,,,,,,,,,
13,1.0E3,1.1E5,1.1E5,4.4E4,610.3311,610.3375,64,9.19,10.01,1,610.3346,9.55,0.13,1.2E3,5.1E4,26,9.45,9.93,DETECTED,9.55,610.3353,1.74,5.1E4,8.0E3,610.3302,610.3377,2.18,1,2,0.12,1.0E3,2.6E4,23,9.49,9.84,DETECTED,9.59,610.3335,1.66,2.6E4,3.6E3,610.3289,610.3384,1.90,1,2,,,,,,,UNKNOWN,,,,,,,,,,,0.39,1.1E3,1.1E5,6,9.19,9.94,DETECTED,9.49,610.3343,1.23,1.1E5,4.4E4,610.3309,610.3362,1.99,1,3,0.27,4.6E3,1.1E5,9,9.47,10.01,DETECTED,9.56,610.3353,3.02,1.1E5,3.0E4,610.3311,610.3375,4.16,1,3,,,,,,,UNKNOWN,,,,,,,,,,,,,,,,,UNKNOWN,,,,,,,,,,,,,,,,,UNKNOWN,,,,,,,,,,,,,,,,,UNKNOWN,,,,,,,,,,,,,,,,,UNKNOWN,,,,,,,,,,,,,,,,,UNKNOWN,,,,,,,,,,
14,1.1E3,3.8E4,3.8E4,5.6E3,596.3129,596.3228,70,9.49,10.04,,596.3175,9.66,0.12,1.2E3,1.1E4,23,9.55,9.83,DETECTED,9.64,596.3181,1.53,1.1E4,1.5E3,596.3135,596.3193,2.25,,,0.12,1.2E3,1.1E4,24,9.59,9.82,DETECTED,9.66,596.3172,1.58,1.1E4,1.4E3,596.3137,596.3185,2.12,,,,,,,,,UNKNOWN,,,,,,,,,,,0.13,1.2E3,3.2E4,8,9.49,9.97,DETECTED,9.62,596.3166,1.76,3.2E4,4.9E3,596.3099,596.3190,2.05,1,2,0.12,1.1E3,3.8E4,15,9.56,10.04,DETECTED,9.70,596.3180,1.53,3.8E4,5.6E3,596.3129,596.3228,1.90,1,2,,,,,,,UNKNOWN,,,,,,,,,,,,,,,,,UNKNOWN,,,,,,,,,,,,,,,,,UNKNOWN,,,,,,,,,,,,,,,,,UNKNOWN,,,,,,,,,,,,,,,,,UNKNOWN,,,,,,,,,,,,,,,,,UNKNOWN,,,,,,,,,,
15,1.0E3,9.4E4,9.4E4,2.1E4,610.3273,610.3345,125,9.94,10.76,1,610.3340,10.11,0.14,1.0E3,5.9E4,46,9.98,10.56,DETECTED,10.10,610.3356,1.81,5.9E4,9.6E3,610.3293,610.3371,1.91,1,2,0.12,1.0E3,5.7E4,36,10.02,10.50,DETECTED,10.12,610.3341,1.61,5.7E4,8.3E3,610.3304,610.3355,1.91,1,2,,,,,,,UNKNOWN,,,,,,,,,,,0.20,1.2E3,9.4E4,21,9.94,10.76,DETECTED,10.07,610.3341,2.05,9.4E4,2.1E4,610.3269,610.3364,2.25,1,3,0.14,1.1E3,5.5E4,22,10.01,10.55,DETECTED,10.14,610.3322,1.67,5.5E4,9.0E3,610.3273,610.3345,1.75,1,2,,,,,,,UNKNOWN,,,,,,,,,,,,,,,,,UNKNOWN,,,,,,,,,,,,,,,,,UNKNOWN,,,,,,,,,,,,,,,,,UNKNOWN,,,,,,,,,,,,,,,,,UNKNOWN,,,,,,,,,,,,,,,,,UNKNOWN,,,,,,,,,,
16,1.0E3,5.5E4,5.5E4,1.1E4,255.0617,255.0654,219,10.63,11.30,1,255.0638,10.78,0.16,1.4E3,3.7E4,27,10.65,11.15,DETECTED,10.80,255.0643,1.90,3.7E4,6.7E3,255.0625,255.0654,1.60,1,2,0.17,1.3E3,5.0E4,17,10.63,11.06,DETECTED,10.78,255.0644,1.87,5.0E4,9.6E3,255.0624,255.0652,1.97,1,2,0.15,1.2E3,1.7E4,16,10.65,11.05,DETECTED,10.79,255.0637,2.84,1.7E4,3.0E3,255.0618,255.0649,1.72,,,0.18,1.0E3,5.5E4,19,10.65,11.30,DETECTED,10.79,255.0642,1.86,5.5E4,1.1E4,255.0619,255.0652,2.05,1,2,0.15,1.2E3,2.9E4,22,10.66,11.12,DETECTED,10.78,255.0637,1.89,2.9E4,5.0E3,255.0627,255.0645,2.19,,,0.15,1.4E3,2.0E4,18,10.66,10.99,DETECTED,10.78,255.0643,1.43,2.0E4,3.3E3,255.0627,255.0655,2.07,,,0.17,1.0E3,4.3E4,23,10.64,11.24,DETECTED,10.78,255.0640,1.71,4.3E4,8.1E3,255.0609,255.0653,2.10,1,2,0.16,1.1E3,3.6E4,20,10.65,11.19,DETECTED,10.77,255.0641,1.91,3.6E4,6.8E3,255.0618,255.0649,2.20,1,2,0.16,1.4E3,3.4E4,22,10.66,11.10,DETECTED,10.80,255.0635,1.50,3.4E4,6.0E3,255.0605,255.0641,1.45,1,2,0.16,1.2E3,3.5E4,20,10.64,11.20,DETECTED,10.79,255.0642,1.71,3.5E4,6.5E3,255.0617,255.0654,1.82,1,2,0.13,1.3E3,6.6E3,15,10.68,10.91,DETECTED,10.75,255.0612,1.71,6.6E3,8.9E2,255.0601,255.0632,2.41,,
17,1.0E3,1.4E4,1.4E4,3.6E3,285.0730,285.0782,160,10.65,11.18,,285.0751,10.87,0.17,1.1E3,6.6E3,12,10.77,11.06,DETECTED,10.88,285.0749,1.27,6.6E3,1.1E3,285.0713,285.0760,1.37,,,0.16,1.0E3,1.1E4,11,10.77,11.12,DETECTED,10.89,285.0752,1.37,1.1E4,1.8E3,285.0729,285.0764,1.72,,,0.23,1.2E3,1.2E4,32,10.66,11.05,DETECTED,10.84,285.0751,1.09,1.2E4,2.8E3,285.0737,285.0767,1.29,,,0.15,1.2E3,8.2E3,11,10.74,11.09,DETECTED,10.90,285.0748,1.11,8.2E3,1.5E3,285.0733,285.0760,1.27,,,0.17,1.1E3,5.7E3,21,10.78,11.08,DETECTED,10.90,285.0750,1.20,5.7E3,1.0E3,285.0737,285.0763,1.41,,,0.25,1.1E3,7.9E3,27,10.68,11.06,DETECTED,10.88,285.0755,0.93,7.9E3,1.8E3,285.0732,285.0770,0.88,,,0.18,1.2E3,6.7E3,12,10.72,11.08,DETECTED,10.89,285.0750,1.07,6.7E3,1.4E3,285.0717,285.0768,1.19,,,,,,,,,UNKNOWN,,,,,,,,,,,,,,,,,UNKNOWN,,,,,,,,,,,0.25,1.0E3,1.4E4,34,10.65,11.18,DETECTED,10.80,285.0756,1.90,1.4E4,3.6E3,285.0730,285.0782,3.49,,,,,,,,,UNKNOWN,,,,,,,,,,
18,1.0E3,1.1E4,1.1E4,1.6E3,959.5153,959.5206,67,12.19,12.63,,959.5185,12.34,0.15,1.2E3,5.0E3,8,12.30,12.52,DETECTED,12.38,959.5219,1.33,5.0E3,7.3E2,959.5167,959.5243,1.66,,,0.14,1.1E3,9.6E3,4,12.19,12.46,DETECTED,12.28,959.5178,1.41,9.6E3,1.4E3,959.5104,959.5199,1.87,1,2,0.13,1.1E3,8.6E3,8,12.20,12.45,DETECTED,12.28,959.5192,1.50,8.6E3,1.2E3,959.5150,959.5221,1.99,,,0.14,1.0E3,1.1E4,7,12.30,12.57,DETECTED,12.39,959.5180,1.56,1.1E4,1.6E3,959.5090,959.5203,2.24,1,2,,,,,,,UNKNOWN,,,,,,,,,,,0.14,1.1E3,5.3E3,5,12.29,12.51,DETECTED,12.36,959.5208,1.62,5.3E3,7.4E2,959.5146,959.5241,2.23,,,0.13,1.2E3,8.1E3,7,12.25,12.50,DETECTED,12.34,959.5190,1.47,8.1E3,1.1E3,959.5146,959.5208,2.15,,,0.12,1.0E3,7.6E3,8,12.19,12.43,DETECTED,12.28,959.5184,1.34,7.6E3,1.0E3,959.5137,959.5209,1.90,,,0.13,1.0E3,6.1E3,7,12.26,12.49,DETECTED,12.34,959.5184,1.37,6.1E3,8.3E2,959.5151,959.5211,1.73,,,0.14,1.6E3,1.1E4,6,12.20,12.44,DETECTED,12.30,959.5185,1.19,1.1E4,1.5E3,959.5153,959.5206,1.39,1,2,0.12,1.2E3,1.1E4,7,12.36,12.63,DETECTED,12.45,959.5128,1.56,1.1E4,1.4E3,959.5083,959.5156,2.12,1,2
19,1.0E3,2.8E4,2.8E4,5.0E3,271.0577,271.0607,72,12.24,12.65,,271.0597,12.38,0.17,1.4E3,1.1E4,11,12.25,12.56,DETECTED,12.40,271.0602,1.04,1.1E4,1.9E3,271.0582,271.0613,0.99,,,0.14,1.2E3,1.1E4,6,12.25,12.54,DETECTED,12.37,271.0593,1.18,1.1E4,1.7E3,271.0574,271.0599,1.27,,,,,,,,,UNKNOWN,,,,,,,,,,,0.16,1.1E3,2.8E4,14,12.24,12.65,DETECTED,12.39,271.0600,1.25,2.8E4,5.0E3,271.0578,271.0630,1.42,,,0.16,1.1E3,7.5E3,10,12.26,12.54,DETECTED,12.36,271.0594,1.42,7.5E3,1.3E3,271.0570,271.0619,1.59,,,,,,,,,UNKNOWN,,,,,,,,,,,0.17,1.0E3,1.5E4,10,12.24,12.59,DETECTED,12.39,271.0598,1.10,1.5E4,2.7E3,271.0581,271.0607,2.81,,,0.15,1.1E3,1.3E4,11,12.24,12.58,DETECTED,12.37,271.0600,1.36,1.3E4,2.1E3,271.0577,271.0612,1.44,,,0.15,1.0E3,7.2E3,10,12.26,12.55,DETECTED,12.36,271.0592,1.42,7.2E3,1.1E3,271.0577,271.0607,3.03,,,,,,,,,UNKNOWN,,,,,,,,,,,,,,,,,UNKNOWN,,,,,,,,,,
20,1.0E3,5.7E4,5.7E4,1.5E4,943.5192,943.5289,241,12.34,13.20,1,943.5243,12.58,0.18,1.3E3,4.4E4,27,12.47,13.07,DETECTED,12.62,943.5271,1.60,4.4E4,9.1E3,943.5208,943.5289,2.15,1,3,0.22,1.2E3,5.3E4,20,12.37,13.05,DETECTED,12.54,943.5238,1.84,5.3E4,1.3E4,943.5154,943.5289,1.90,1,3,0.21,1.6E3,5.0E4,20,12.37,12.93,DETECTED,12.54,943.5243,1.59,5.0E4,1.1E4,943.5187,943.5269,1.80,1,3,0.24,1.0E3,5.7E4,22,12.46,13.20,DETECTED,12.65,943.5242,1.74,5.7E4,1.5E4,943.5186,943.5279,1.96,1,3,0.18,1.1E3,3.6E4,21,12.37,12.88,DETECTED,12.52,943.5246,1.74,3.6E4,7.1E3,943.5160,943.5265,2.21,1,3,0.19,1.1E3,4.3E4,25,12.45,13.03,DETECTED,12.62,943.5266,1.53,4.3E4,9.1E3,943.5189,943.5294,1.93,1,3,0.21,1.1E3,5.0E4,23,12.42,13.08,DETECTED,12.59,943.5247,1.72,5.0E4,1.2E4,943.5193,943.5259,2.33,1,3,0.20,1.0E3,4.7E4,24,12.34,13.03,DETECTED,12.51,943.5245,1.84,4.7E4,1.0E4,943.5168,943.5265,2.66,1,3,0.19,1.1E3,4.4E4,27,12.43,13.02,DETECTED,12.58,943.5242,1.76,4.4E4,9.5E3,943.5175,943.5268,2.28,1,3,0.22,1.0E3,5.5E4,19,12.35,13.06,DETECTED,12.51,943.5243,1.92,5.5E4,1.4E4,943.5192,943.5289,2.65,1,3,0.23,1.0E3,5.1E4,13,12.53,13.16,DETECTED,12.69,943.5195,1.75,5.1E4,1.2E4,943.5137,943.5244,2.47,1,3
21,1.0E3,3.0E4,3.0E4,6.4E3,913.5094,913.5155,144,12.73,13.35,1,913.5135,12.91,0.16,1.2E3,1.9E4,14,12.83,13.22,DETECTED,12.95,913.5164,1.71,1.9E4,3.4E3,913.5118,913.5226,2.50,1,2,0.18,1.1E3,2.8E4,8,12.73,13.23,DETECTED,12.87,913.5134,1.83,2.8E4,5.6E3,913.5090,913.5154,2.00,1,2,0.17,1.1E3,2.4E4,15,12.73,13.19,DETECTED,12.86,913.5140,2.11,2.4E4,4.5E3,913.5075,913.5189,2.48,1,2,0.20,1.2E3,3.0E4,13,12.84,13.35,DETECTED,12.97,913.5131,1.80,3.0E4,6.4E3,913.5056,913.5181,2.09,1,2,0.16,1.0E3,1.4E4,12,12.75,13.15,DETECTED,12.85,913.5137,2.05,1.4E4,2.5E3,913.5075,913.5162,2.62,1,2,0.17,1.0E3,1.8E4,15,12.82,13.23,DETECTED,12.94,913.5162,1.66,1.8E4,3.3E3,913.5108,913.5193,1.98,1,2,0.18,1.0E3,2.5E4,11,12.79,13.26,DETECTED,12.93,913.5136,1.55,2.5E4,4.9E3,913.5051,913.5198,1.74,1,2,0.17,1.1E3,2.2E4,17,12.75,13.21,DETECTED,12.87,913.5130,1.78,2.2E4,4.1E3,913.5061,913.5162,1.87,1,2,0.17,1.0E3,2.0E4,14,12.79,13.19,DETECTED,12.92,913.5133,1.61,2.0E4,3.5E3,913.5048,913.5155,2.02,1,2,0.18,1.2E3,2.7E4,14,12.74,13.24,DETECTED,12.88,913.5134,1.76,2.7E4,5.6E3,913.5094,913.5155,1.97,1,2,0.17,1.1E3,2.5E4,11,12.90,13.35,DETECTED,13.02,913.5089,1.80,2.5E4,4.8E3,913.5024,913.5132,2.22,1,2
22,1.0E3,2.1E4,2.1E4,3.8E3,797.4626,797.4695,133,12.97,13.56,1,797.4668,13.15,0.15,1.2E3,1.0E4,11,13.09,13.39,DETECTED,13.20,797.4692,1.47,1.0E4,1.6E3,797.4639,797.4721,1.72,,,0.16,1.1E3,1.7E4,8,12.97,13.35,DETECTED,13.09,797.4665,1.52,1.7E4,3.0E3,797.4624,797.4700,1.85,1,2,0.15,1.0E3,1.4E4,12,12.98,13.33,DETECTED,13.08,797.4669,1.80,1.4E4,2.3E3,797.4624,797.4700,2.34,1,2,0.16,1.1E3,2.1E4,15,13.11,13.55,DETECTED,13.22,797.4662,1.79,2.1E4,3.8E3,797.4619,797.4697,2.12,1,2,0.15,1.0E3,7.1E3,13,12.99,13.28,DETECTED,13.07,797.4676,1.82,7.1E3,1.1E3,797.4625,797.4703,2.83,,,0.13,1.2E3,1.0E4,14,13.08,13.36,DETECTED,13.18,797.4687,1.39,1.0E4,1.5E3,797.4661,797.4719,1.63,,,0.15,1.0E3,1.4E4,11,13.05,13.38,DETECTED,13.15,797.4659,1.66,1.4E4,2.2E3,797.4603,797.4680,2.02,1,2,0.15,1.1E3,1.2E4,12,12.98,13.32,DETECTED,13.07,797.4666,1.86,1.2E4,1.9E3,797.4612,797.4703,2.35,1,2,0.15,1.0E3,1.0E4,12,13.04,13.34,DETECTED,13.16,797.4663,1.26,1.0E4,1.6E3,797.4615,797.4684,1.85,,,0.17,1.0E3,1.7E4,11,12.97,13.36,DETECTED,13.10,797.4668,1.59,1.7E4,3.1E3,797.4626,797.4695,1.60,1,2,0.16,1.0E3,2.0E4,14,13.17,13.56,DETECTED,13.29,797.4637,1.62,2.0E4,3.5E3,797.4603,797.4664,2.19,1,2
23,1.1E3,3.3E4,3.3E4,1.2E4,312.2613,312.2650,126,17.17,18.03,,312.2637,17.49,0.30,1.5E3,1.4E4,31,17.31,17.97,DETECTED,17.48,312.2642,1.88,1.4E4,4.6E3,312.2622,312.2656,12.52,,,,,,,,,UNKNOWN,,,,,,,,,,,,,,,,,UNKNOWN,,,,,,,,,,,0.32,1.2E3,3.3E4,35,17.17,17.99,DETECTED,17.36,312.2634,3.01,3.3E4,1.2E4,312.2618,312.2643,3.22,1,2,,,,,,,UNKNOWN,,,,,,,,,,,0.33,1.1E3,5.5E3,37,17.42,17.87,DETECTED,17.60,312.2635,1.25,5.5E3,1.6E3,312.2613,312.2650,1.50,,,0.31,1.1E3,9.0E3,23,17.34,18.03,DETECTED,17.53,312.2636,1.86,9.0E3,3.2E3,312.2621,312.2679,3.23,,,,,,,,,UNKNOWN,,,,,,,,,,,,,,,,,UNKNOWN,,,,,,,,,,,,,,,,,UNKNOWN,,,,,,,,,,,,,,,,,UNKNOWN,,,,,,,,,,
30,1.1E3,6.5E3,6.5E3,6.7E2,300.9445,300.9462,6,1.87,2.03,,300.9452,1.97,,,,,,,UNKNOWN,,,,,,,,,,,0.12,1.1E3,6.4E3,3,1.87,2.02,DETECTED,1.96,300.9449,0.88,6.4E3,6.2E2,300.9438,300.9460,0.75,,,,,,,,,UNKNOWN,,,,,,,,,,,0.15,1.1E3,6.5E3,3,1.87,2.03,DETECTED,1.99,300.9455,0.70,6.5E3,6.7E2,300.9445,300.9462,0.40,,,,,,,,,UNKNOWN,,,,,,,,,,,,,,,,,UNKNOWN,,,,,,,,,,,,,,,,,UNKNOWN,,,,,,,,,,,,,,,,,UNKNOWN,,,,,,,,,,,,,,,,,UNKNOWN,,,,,,,,,,,,,,,,,UNKNOWN,,,,,,,,,,,,,,,,,UNKNOWN,,,,,,,,,,
31,1.0E3,1.8E4,1.8E4,3.0E3,365.1035,365.1116,43,2.01,2.48,,365.1047,2.08,,,,,,,UNKNOWN,,,,,,,,,,,0.16,1.2E3,1.7E4,5,2.02,2.40,DETECTED,2.07,365.1049,4.09,1.7E4,2.9E3,365.1033,365.1073,6.49,,,0.15,1.5E3,1.4E4,6,2.01,2.35,DETECTED,2.08,365.1051,2.50,1.4E4,2.4E3,365.1037,365.1078,4.00,,,0.12,1.2E3,1.8E4,3,2.03,2.48,DETECTED,2.08,365.1047,5.32,1.8E4,3.0E3,365.1029,365.1071,8.05,,,,,,,,,UNKNOWN,,,,,,,,,,,0.15,1.3E3,5.2E3,6,2.05,2.29,DETECTED,2.09,365.1036,2.75,5.2E3,7.6E2,365.1021,365.1058,4.51,,,0.16,1.0E3,1.4E4,6,2.03,2.44,DETECTED,2.07,365.1042,4.57,1.4E4,2.5E3,365.1017,365.1073,6.99,,,0.11,1.3E3,1.1E4,7,2.01,2.44,DETECTED,2.06,365.1048,4.69,1.1E4,1.9E3,365.1030,365.1072,11.03,,,0.13,1.3E3,1.2E4,4,2.03,2.35,DETECTED,2.10,365.1043,2.38,1.2E4,1.9E3,365.1028,365.1093,3.84,,,0.14,1.2E3,1.7E4,3,2.03,2.36,DETECTED,2.09,365.1045,2.50,1.7E4,2.9E3,365.1035,365.1116,3.89,,,0.26,1.2E3,8.3E3,3,2.04,2.32,DETECTED,2.08,365.1063,3.13,8.3E3,1.5E3,365.1049,365.1136,5.26,,
32,1.1E3,7.1E3,7.1E3,1.2E3,381.0770,381.0825,9,2.02,2.36,,381.0786,2.08,,,,,,,UNKNOWN,,,,,,,,,,,0.13,1.4E3,7.1E3,3,2.02,2.29,DETECTED,2.07,381.0785,3.00,7.1E3,1.1E3,381.0774,381.0833,5.01,,,,,,,,,UNKNOWN,,,,,,,,,,,0.17,1.1E3,6.9E3,3,2.03,2.36,DETECTED,2.08,381.0790,3.63,6.9E3,1.1E3,381.0762,381.0833,6.25,,,,,,,,,UNKNOWN,,,,,,,,,,,,,,,,,UNKNOWN,,,,,,,,,,,,,,,,,UNKNOWN,,,,,,,,,,,,,,,,,UNKNOWN,,,,,,,,,,,,,,,,,UNKNOWN,,,,,,,,,,,0.18,1.4E3,6.9E3,3,2.03,2.32,DETECTED,2.09,381.0784,2.17,6.9E3,1.2E3,381.0770,381.0825,3.34,,,,,,,,,UNKNOWN,,,,,,,,,,
33,1.1E3,6.8E3,6.8E3,8.2E2,247.1254,247.1284,28,2.57,2.81,,247.1271,2.63,,,,,,,UNKNOWN,,,,,,,,,,,0.12,1.1E3,6.6E3,12,2.58,2.80,DETECTED,2.63,247.1269,2.17,6.6E3,7.5E2,247.1236,247.1287,3.76,,,,,,,,,UNKNOWN,,,,,,,,,,,,,,,,,UNKNOWN,,,,,,,,,,,,,,,,,UNKNOWN,,,,,,,,,,,,,,,,,UNKNOWN,,,,,,,,,,,,,,,,,UNKNOWN,,,,,,,,,,,,,,,,,UNKNOWN,,,,,,,,,,,,,,,,,UNKNOWN,,,,,,,,,,,0.11,1.1E3,6.8E3,16,2.57,2.81,DETECTED,2.62,247.1272,2.63,6.8E3,8.2E2,247.1254,247.1284,5.01,,,,,,,,,UNKNOWN,,,,,,,,,,
34,1.1E3,5.4E3,5.4E3,1.4E3,244.1151,244.1172,28,3.58,3.95,,244.1161,3.72,,,,,,,UNKNOWN,,,,,,,,,,,0.30,1.1E3,5.4E3,28,3.58,3.95,DETECTED,3.72,244.1161,1.33,5.4E3,1.4E3,244.1151,244.1172,1.66,,,,,,,,,UNKNOWN,,,,,,,,,,,,,,,,,UNKNOWN,,,,,,,,,,,,,,,,,UNKNOWN,,,,,,,,,,,,,,,,,UNKNOWN,,,,,,,,,,,,,,,,,UNKNOWN,,,,,,,,,,,,,,,,,UNKNOWN,,,,,,,,,,,,,,,,,UNKNOWN,,,,,,,,,,,,,,,,,UNKNOWN,,,,,,,,,,,,,,,,,UNKNOWN,,,,,,,,,,
35,1.2E3,8.9E3,8.9E3,1.5E3,542.2490,542.2574,18,5.01,5.35,,542.2548,5.14,,,,,,,UNKNOWN,,,,,,,,,,,0.15,1.2E3,8.9E3,18,5.01,5.35,DETECTED,5.14,542.2548,1.36,8.9E3,1.5E3,542.2490,542.2574,2.04,,,,,,,,,UNKNOWN,,,,,,,,,,,,,,,,,UNKNOWN,,,,,,,,,,,,,,,,,UNKNOWN,,,,,,,,,,,,,,,,,UNKNOWN,,,,,,,,,,,,,,,,,UNKNOWN,,,,,,,,,,,,,,,,,UNKNOWN,,,,,,,,,,,,,,,,,UNKNOWN,,,,,,,,,,,,,,,,,UNKNOWN,,,,,,,,,,,,,,,,,UNKNOWN,,,,,,,,,,
36,1.1E3,6.5E3,6.5E3,9.1E2,244.1152,244.1186,16,5.43,5.71,,244.1163,5.54,,,,,,,UNKNOWN,,,,,,,,,,,0.15,1.2E3,5.1E3,11,5.43,5.64,DETECTED,5.52,244.1160,1.16,5.1E3,6.9E2,244.1150,244.1171,1.31,,,,,,,,,UNKNOWN,,,,,,,,,,,,,,,,,UNKNOWN,,,,,,,,,,,,,,,,,UNKNOWN,,,,,,,,,,,,,,,,,UNKNOWN,,,,,,,,,,,,,,,,,UNKNOWN,,,,,,,,,,,,,,,,,UNKNOWN,,,,,,,,,,,,,,,,,UNKNOWN,,,,,,,,,,,0.15,1.1E3,6.5E3,5,5.46,5.71,DETECTED,5.55,244.1166,1.38,6.5E3,9.1E2,244.1152,244.1186,1.75,,,,,,,,,UNKNOWN,,,,,,,,,,
37,1.0E3,9.3E3,9.3E3,1.4E3,244.1157,244.1177,68,5.73,6.07,,244.1164,5.85,,,,,,,UNKNOWN,,,,,,,,,,,0.14,1.2E3,8.6E3,13,5.75,6.01,DETECTED,5.85,244.1164,1.38,8.6E3,1.2E3,244.1154,244.1171,1.93,,,,,,,,,UNKNOWN,,,,,,,,,,,0.14,1.0E3,9.1E3,12,5.75,6.07,DETECTED,5.86,244.1164,1.50,9.1E3,1.4E3,244.1143,244.1175,2.35,,,,,,,,,UNKNOWN,,,,,,,,,,,,,,,,,UNKNOWN,,,,,,,,,,,0.14,1.1E3,5.0E3,20,5.77,5.99,DETECTED,5.85,244.1162,1.39,5.0E3,7.1E2,244.1155,244.1175,1.78,,,,,,,,,UNKNOWN,,,,,,,,,,,0.13,1.0E3,5.9E3,15,5.77,6.00,DETECTED,5.86,244.1163,1.21,5.9E3,8.3E2,244.1154,244.1176,1.47,,,0.14,1.0E3,9.3E3,8,5.73,6.07,DETECTED,5.85,244.1167,1.40,9.3E3,1.4E3,244.1157,244.1177,1.83,,,,,,,,,UNKNOWN,,,,,,,,,,
38,1.1E3,5.7E3,5.7E3,6.7E2,396.1571,396.1609,19,7.73,7.93,,396.1582,7.81,,,,,,,UNKNOWN,,,,,,,,,,,0.12,1.1E3,5.7E3,19,7.73,7.93,DETECTED,7.81,396.1582,1.28,5.7E3,6.7E2,396.1571,396.1609,1.68,,,,,,,,,UNKNOWN,,,,,,,,,,,,,,,,,UNKNOWN,,,,,,,,,,,,,,,,,UNKNOWN,,,,,,,,,,,,,,,,,UNKNOWN,,,,,,,,,,,,,,,,,UNKNOWN,,,,,,,,,,,,,,,,,UNKNOWN,,,,,,,,,,,,,,,,,UNKNOWN,,,,,,,,,,,,,,,,,UNKNOWN,,,,,,,,,,,,,,,,,UNKNOWN,,,,,,,,,,
39,1.0E3,8.7E3,8.7E3,1.3E3,1269.6011,1269.6117,31,8.10,8.44,,1269.6091,8.21,,,,,,,UNKNOWN,,,,,,,,,,,0.12,1.1E3,5.2E3,10,8.11,8.32,DETECTED,8.20,1269.6094,1.19,5.2E3,6.6E2,1269.6058,1269.6117,1.38,,,,,,,,,UNKNOWN,,,,,,,,,,,0.14,1.0E3,8.7E3,11,8.15,8.44,DETECTED,8.24,1269.6107,1.50,8.7E3,1.3E3,1269.6047,1269.6135,1.95,1,2,,,,,,,UNKNOWN,,,,,,,,,,,,,,,,,UNKNOWN,,,,,,,,,,,,,,,,,UNKNOWN,,,,,,,,,,,,,,,,,UNKNOWN,,,,,,,,,,,,,,,,,UNKNOWN,,,,,,,,,,,0.14,1.1E3,7.1E3,10,8.10,8.34,DETECTED,8.17,1269.6073,1.65,7.1E3,9.8E2,1269.6011,1269.6117,2.32,,,,,,,,,UNKNOWN,,,,,,,,,,
40,1.0E3,8.1E3,8.1E3,1.1E3,346.1481,346.1513,5,8.50,8.75,,346.1500,8.60,,,,,,,UNKNOWN,,,,,,,,,,,0.17,1.0E3,8.1E3,5,8.50,8.75,DETECTED,8.60,346.1500,1.22,8.1E3,1.1E3,346.1481,346.1513,1.29,,,,,,,,,UNKNOWN,,,,,,,,,,,,,,,,,UNKNOWN,,,,,,,,,,,,,,,,,UNKNOWN,,,,,,,,,,,,,,,,,UNKNOWN,,,,,,,,,,,,,,,,,UNKNOWN,,,,,,,,,,,,,,,,,UNKNOWN,,,,,,,,,,,,,,,,,UNKNOWN,,,,,,,,,,,,,,,,,UNKNOWN,,,,,,,,,,,,,,,,,UNKNOWN,,,,,,,,,,
41,1.0E3,1.2E4,1.2E4,1.9E3,1107.5486,1107.5557,165,8.58,9.09,1,1107.5554,8.85,,,,,,,UNKNOWN,,,,,,,,,,,0.12,1.0E3,5.2E3,18,8.76,8.99,DETECTED,8.86,1107.5544,1.14,5.2E3,6.4E2,1107.5459,1107.5604,1.28,,,0.13,1.0E3,1.1E4,26,8.76,9.06,DETECTED,8.85,1107.5549,1.66,1.1E4,1.7E3,1107.5425,1107.5579,2.19,1,2,0.13,1.2E3,6.2E3,5,8.58,8.83,DETECTED,8.66,1107.5559,1.46,6.2E3,8.5E2,1107.5491,1107.5588,1.93,,,0.13,1.0E3,8.7E3,9,8.75,9.04,DETECTED,8.84,1107.5577,1.56,8.7E3,1.3E3,1107.5508,1107.5599,1.82,1,2,0.14,1.3E3,8.8E3,13,8.80,9.06,DETECTED,8.91,1107.5574,1.18,8.8E3,1.2E3,1107.5508,1107.5608,1.56,1,2,0.14,1.2E3,1.2E4,22,8.79,9.08,DETECTED,8.88,1107.5563,1.59,1.2E4,1.7E3,1107.5493,1107.5610,2.19,1,2,0.13,1.1E3,7.2E3,19,8.76,9.02,DETECTED,8.87,1107.5549,1.21,7.2E3,1.0E3,1107.5486,1107.5596,1.55,,,0.15,1.0E3,1.2E4,30,8.78,9.09,DETECTED,8.89,1107.5543,1.40,1.2E4,1.9E3,1107.5481,1107.5573,1.70,1,2,0.13,1.2E3,8.9E3,23,8.75,9.03,DETECTED,8.85,1107.5526,1.36,8.9E3,1.3E3,1107.5486,1107.5557,1.90,,,,,,,,,UNKNOWN,,,,,,,,,,
42,1.0E3,6.5E3,6.5E3,8.8E2,493.1165,493.1213,11,10.65,10.87,,493.1202,10.75,,,,,,,UNKNOWN,,,,,,,,,,,0.16,1.0E3,6.5E3,11,10.65,10.87,DETECTED,10.75,493.1202,1.08,6.5E3,8.8E2,493.1165,493.1213,1.16,,,,,,,,,UNKNOWN,,,,,,,,,,,,,,,,,UNKNOWN,,,,,,,,,,,,,,,,,UNKNOWN,,,,,,,,,,,,,,,,,UNKNOWN,,,,,,,,,,,,,,,,,UNKNOWN,,,,,,,,,,,,,,,,,UNKNOWN,,,,,,,,,,,,,,,,,UNKNOWN,,,,,,,,,,,,,,,,,UNKNOWN,,,,,,,,,,,,,,,,,UNKNOWN,,,,,,,,,,
43,1.1E3,5.6E3,5.6E3,8.4E2,277.0782,277.0824,24,11.32,11.57,,277.0812,11.43,,,,,,,UNKNOWN,,,,,,,,,,,0.15,1.1E3,5.6E3,24,11.32,11.57,DETECTED,11.43,277.0812,1.10,5.6E3,8.4E2,277.0782,277.0824,1.20,,,,,,,,,UNKNOWN,,,,,,,,,,,,,,,,,UNKNOWN,,,,,,,,,,,,,,,,,UNKNOWN,,,,,,,,,,,,,,,,,UNKNOWN,,,,,,,,,,,,,,,,,UNKNOWN,,,,,,,,,,,,,,,,,UNKNOWN,,,,,,,,,,,,,,,,,UNKNOWN,,,,,,,,,,,,,,,,,UNKNOWN,,,,,,,,,,,,,,,,,UNKNOWN,,,,,,,,,,
44,1.0E3,9.8E3,9.8E3,1.7E3,274.2712,274.2746,189,11.68,12.20,,274.2734,11.84,,,,,,,UNKNOWN,,,,,,,,,,,0.15,1.0E3,9.3E3,22,11.68,12.02,DETECTED,11.78,274.2736,1.76,9.3E3,1.5E3,274.2712,274.2758,2.70,,,0.17,1.1E3,7.7E3,26,11.69,12.00,DETECTED,11.78,274.2735,1.75,7.7E3,1.4E3,274.2708,274.2751,2.37,,,0.21,1.1E3,5.8E3,34,11.81,12.19,DETECTED,11.91,274.2735,1.83,5.8E3,1.2E3,274.2708,274.2749,2.67,,,,,,,,,UNKNOWN,,,,,,,,,,,,,,,,,UNKNOWN,,,,,,,,,,,0.17,1.1E3,6.5E3,29,11.82,12.20,DETECTED,11.93,274.2735,1.74,6.5E3,1.3E3,274.2719,274.2747,2.54,,,0.15,1.0E3,6.2E3,26,11.70,11.99,DETECTED,11.79,274.2732,1.56,6.2E3,9.4E2,274.2719,274.2763,2.03,,,0.20,1.1E3,5.8E3,28,11.82,12.16,DETECTED,11.90,274.2732,2.11,5.8E3,1.2E3,274.2712,274.2749,3.22,,,0.15,1.1E3,9.8E3,24,11.69,12.01,DETECTED,11.78,274.2736,1.68,9.8E3,1.7E3,274.2712,274.2746,2.25,,,,,,,,,UNKNOWN,,,,,,,,,,
45,1.1E3,8.3E3,8.3E3,1.4E3,445.0581,445.0635,7,12.99,13.31,,445.0614,13.09,,,,,,,UNKNOWN,,,,,,,,,,,0.17,1.1E3,8.3E3,7,12.99,13.31,DETECTED,13.09,445.0614,1.50,8.3E3,1.4E3,445.0581,445.0635,1.75,,,,,,,,,UNKNOWN,,,,,,,,,,,,,,,,,UNKNOWN,,,,,,,,,,,,,,,,,UNKNOWN,,,,,,,,,,,,,,,,,UNKNOWN,,,,,,,,,,,,,,,,,UNKNOWN,,,,,,,,,,,,,,,,,UNKNOWN,,,,,,,,,,,,,,,,,UNKNOWN,,,,,,,,,,,,,,,,,UNKNOWN,,,,,,,,,,,,,,,,,UNKNOWN,,,,,,,,,,
46,1.0E3,1.8E4,1.8E4,3.5E3,269.0783,269.0810,100,13.21,13.63,,269.0801,13.35,,,,,,,UNKNOWN,,,,,,,,,,,0.18,1.1E3,8.4E3,10,13.23,13.57,DETECTED,13.34,269.0800,1.60,8.4E3,1.5E3,269.0775,269.0822,2.36,,,0.16,1.3E3,1.4E4,12,13.21,13.59,DETECTED,13.35,269.0801,1.64,1.4E4,2.5E3,269.0785,269.0816,1.40,,,0.15,1.1E3,9.4E3,13,13.24,13.55,DETECTED,13.35,269.0800,1.44,9.4E3,1.6E3,269.0780,269.0815,2.82,,,,,,,,,UNKNOWN,,,,,,,,,,,0.35,1.1E3,1.8E4,20,13.22,13.63,DETECTED,13.36,269.0808,1.42,1.8E4,3.5E3,269.0791,269.0829,1.61,,,0.18,1.0E3,1.2E4,16,13.21,13.57,DETECTED,13.35,269.0800,1.28,1.2E4,2.1E3,269.0783,269.0809,1.63,,,,,,,,,UNKNOWN,,,,,,,,,,,0.17,1.3E3,1.2E4,18,13.22,13.55,DETECTED,13.36,269.0800,1.15,1.2E4,2.2E3,269.0786,269.0814,1.29,,,0.16,1.2E3,1.0E4,11,13.22,13.56,DETECTED,13.34,269.0800,1.36,1.0E4,1.9E3,269.0783,269.0810,2.26,,,,,,,,,UNKNOWN,,,,,,,,,,
47,1.1E3,9.8E3,9.8E3,1.7E3,941.5020,941.5107,78,13.53,14.01,,941.5078,13.70,,,,,,,UNKNOWN,,,,,,,,,,,0.18,1.1E3,7.3E3,14,13.53,13.83,DETECTED,13.62,941.5074,1.69,7.3E3,1.3E3,941.5006,941.5100,2.38,,,,,,,,,UNKNOWN,,,,,,,,,,,0.17,1.1E3,9.8E3,21,13.69,14.01,DETECTED,13.80,941.5086,1.56,9.8E3,1.7E3,941.5032,941.5125,2.05,,,,,,,,,UNKNOWN,,,,,,,,,,,,,,,,,UNKNOWN,,,,,,,,,,,0.15,1.1E3,7.3E3,16,13.63,13.92,DETECTED,13.73,941.5069,1.45,7.3E3,1.2E3,941.5016,941.5099,1.83,,,,,,,,,UNKNOWN,,,,,,,,,,,0.15,1.1E3,6.1E3,11,13.62,13.88,DETECTED,13.72,941.5085,1.24,6.1E3,9.8E2,941.5066,941.5136,1.48,,,0.16,1.1E3,6.2E3,16,13.53,13.82,DETECTED,13.61,941.5075,1.70,6.2E3,1.0E3,941.5020,941.5107,2.40,,,,,,,,,UNKNOWN,,,,,,,,,,
48,1.0E3,1.7E4,1.7E4,3.3E3,415.2074,415.2115,58,15.79,16.26,,415.2096,15.95,,,,,,,UNKNOWN,,,,,,,,,,,0.20,1.1E3,6.1E3,6,15.83,16.16,DETECTED,15.96,415.2096,1.23,6.1E3,1.2E3,415.2076,415.2110,1.62,,,,,,,,,UNKNOWN,,,,,,,,,,,0.17,1.4E3,8.3E3,12,15.85,16.17,DETECTED,15.97,415.2092,1.29,8.3E3,1.5E3,415.2079,415.2109,1.59,,,,,,,,,UNKNOWN,,,,,,,,,,,,,,,,,UNKNOWN,,,,,,,,,,,0.24,1.3E3,1.2E4,13,15.82,16.23,DETECTED,15.95,415.2097,1.64,1.2E4,2.7E3,415.2073,415.2112,2.86,,,,,,,,,UNKNOWN,,,,,,,,,,,0.20,1.0E3,1.3E4,11,15.83,16.24,DETECTED,15.93,415.2096,2.12,1.3E4,2.7E3,415.2057,415.2109,3.18,,,0.20,1.1E3,1.5E4,9,15.81,16.26,DETECTED,15.94,415.2098,1.64,1.5E4,3.3E3,415.2074,415.2115,2.35,,,0.18,1.0E3,1.7E4,7,15.79,16.23,DETECTED,15.94,415.2097,1.45,1.7E4,3.2E3,415.2075,415.2118,1.51,,
49,1.0E3,8.4E3,8.4E3,1.1E3,515.0046,515.0099,12,1.74,1.99,,515.0070,1.86,,,,,,,UNKNOWN,,,,,,,,,,,,,,,,,UNKNOWN,,,,,,,,,,,0.13,1.0E3,5.2E3,3,1.79,1.97,DETECTED,1.88,515.0075,1.00,5.2E3,6.2E2,515.0058,515.0085,1.00,,,,,,,,,UNKNOWN,,,,,,,,,,,,,,,,,UNKNOWN,,,,,,,,,,,,,,,,,UNKNOWN,,,,,,,,,,,0.14,1.0E3,5.2E3,3,1.79,1.99,DETECTED,1.88,515.0051,1.12,5.2E3,7.0E2,515.0005,515.0076,1.25,,,,,,,,,UNKNOWN,,,,,,,,,,,0.12,1.3E3,6.4E3,3,1.79,1.99,DETECTED,1.88,515.0070,1.12,6.4E3,7.8E2,515.0049,515.0123,1.25,,,,,,,,,UNKNOWN,,,,,,,,,,,0.13,1.4E3,8.4E3,3,1.74,1.95,DETECTED,1.81,515.0083,1.50,8.4E3,1.1E3,515.0046,515.0099,2.00,,
50,1.1E3,5.5E3,5.5E3,1.0E3,311.1206,311.1251,54,4.07,4.38,,311.1229,4.18,,,,,,,UNKNOWN,,,,,,,,,,,,,,,,,UNKNOWN,,,,,,,,,,,0.17,1.1E3,5.2E3,28,4.07,4.37,DETECTED,4.20,311.1229,1.18,5.2E3,9.2E2,311.1209,311.1245,1.36,,,,,,,,,UNKNOWN,,,,,,,,,,,,,,,,,UNKNOWN,,,,,,,,,,,,,,,,,UNKNOWN,,,,,,,,,,,,,,,,,UNKNOWN,,,,,,,,,,,,,,,,,UNKNOWN,,,,,,,,,,,,,,,,,UNKNOWN,,,,,,,,,,,0.18,1.1E3,5.5E3,26,4.07,4.38,DETECTED,4.16,311.1229,1.62,5.5E3,1.0E3,311.1206,311.1251,2.24,,,,,,,,,UNKNOWN,,,,,,,,,,
51,1.0E3,7.4E3,7.4E3,9.4E2,518.3149,518.3247,16,5.63,5.86,,518.3179,5.72,,,,,,,UNKNOWN,,,,,,,,,,,,,,,,,UNKNOWN,,,,,,,,,,,0.11,1.3E3,7.4E3,10,5.64,5.86,DETECTED,5.71,518.3180,1.50,7.4E3,9.4E2,518.3152,518.3225,2.00,,,,,,,,,UNKNOWN,,,,,,,,,,,,,,,,,UNKNOWN,,,,,,,,,,,,,,,,,UNKNOWN,,,,,,,,,,,,,,,,,UNKNOWN,,,,,,,,,,,,,,,,,UNKNOWN,,,,,,,,,,,,,,,,,UNKNOWN,,,,,,,,,,,0.14,1.0E3,6.3E3,6,5.63,5.86,DETECTED,5.72,518.3177,1.28,6.3E3,8.2E2,518.3149,518.3247,1.70,,,,,,,,,UNKNOWN,,,,,,,,,,
52,1.1E3,1.2E4,1.2E4,2.0E3,499.3193,499.3274,10,5.51,6.11,,499.3231,5.93,,,,,,,UNKNOWN,,,,,,,,,,,,,,,,,UNKNOWN,,,,,,,,,,,0.12,1.1E3,1.2E4,10,5.51,6.11,DETECTED,5.93,499.3231,0.75,1.2E4,2.0E3,499.3193,499.3274,0.43,,,,,,,,,UNKNOWN,,,,,,,,,,,,,,,,,UNKNOWN,,,,,,,,,,,,,,,,,UNKNOWN,,,,,,,,,,,,,,,,,UNKNOWN,,,,,,,,,,,,,,,,,UNKNOWN,,,,,,,,,,,,,,,,,UNKNOWN,,,,,,,,,,,,,,,,,UNKNOWN,,,,,,,,,,,,,,,,,UNKNOWN,,,,,,,,,,
53,1.6E3,6.9E3,6.9E3,8.8E2,303.1537,303.1550,14,7.10,7.30,,303.1543,7.17,,,,,,,UNKNOWN,,,,,,,,,,,,,,,,,UNKNOWN,,,,,,,,,,,0.13,1.6E3,6.9E3,14,7.10,7.30,DETECTED,7.17,303.1543,1.34,6.9E3,8.8E2,303.1537,303.1550,1.69,,,,,,,,,UNKNOWN,,,,,,,,,,,,,,,,,UNKNOWN,,,,,,,,,,,,,,,,,UNKNOWN,,,,,,,,,,,,,,,,,UNKNOWN,,,,,,,,,,,,,,,,,UNKNOWN,,,,,,,,,,,,,,,,,UNKNOWN,,,,,,,,,,,,,,,,,UNKNOWN,,,,,,,,,,,,,,,,,UNKNOWN,,,,,,,,,,
54,1.2E3,7.5E3,7.5E3,1.2E3,303.1523,303.1566,14,7.30,7.58,,303.1543,7.39,,,,,,,UNKNOWN,,,,,,,,,,,,,,,,,UNKNOWN,,,,,,,,,,,0.15,1.2E3,7.5E3,14,7.30,7.58,DETECTED,7.39,303.1543,1.52,7.5E3,1.2E3,303.1523,303.1566,2.05,,,,,,,,,UNKNOWN,,,,,,,,,,,,,,,,,UNKNOWN,,,,,,,,,,,,,,,,,UNKNOWN,,,,,,,,,,,,,,,,,UNKNOWN,,,,,,,,,,,,,,,,,UNKNOWN,,,,,,,,,,,,,,,,,UNKNOWN,,,,,,,,,,,,,,,,,UNKNOWN,,,,,,,,,,,,,,,,,UNKNOWN,,,,,,,,,,
55,1.0E3,6.7E3,6.7E3,9.3E2,945.4960,945.5083,54,9.23,9.51,,945.5032,9.34,,,,,,,UNKNOWN,,,,,,,,,,,,,,,,,UNKNOWN,,,,,,,,,,,0.12,1.0E3,6.7E3,16,9.23,9.49,DETECTED,9.30,945.5037,1.91,6.7E3,9.3E2,945.4997,945.5060,2.55,,,,,,,,,UNKNOWN,,,,,,,,,,,,,,,,,UNKNOWN,,,,,,,,,,,0.12,1.4E3,5.3E3,11,9.29,9.48,DETECTED,9.37,945.5048,1.18,5.3E3,6.3E2,945.4982,945.5096,1.36,,,0.12,1.2E3,6.5E3,13,9.26,9.47,DETECTED,9.35,945.5035,1.15,6.5E3,8.2E2,945.4995,945.5068,1.31,,,,,,,,,UNKNOWN,,,,,,,,,,,0.13,1.0E3,6.5E3,14,9.26,9.51,DETECTED,9.36,945.5009,1.22,6.5E3,8.9E2,945.4960,945.5083,1.44,,,,,,,,,UNKNOWN,,,,,,,,,,,,,,,,,UNKNOWN,,,,,,,,,,
56,1.1E3,1.0E4,1.0E4,1.5E3,285.0710,285.0762,55,10.26,10.56,,285.0753,10.36,,,,,,,UNKNOWN,,,,,,,,,,,,,,,,,UNKNOWN,,,,,,,,,,,0.16,1.1E3,7.2E3,25,10.26,10.52,DETECTED,10.34,285.0753,1.64,7.2E3,1.1E3,285.0739,285.0773,2.29,,,,,,,,,UNKNOWN,,,,,,,,,,,,,,,,,UNKNOWN,,,,,,,,,,,,,,,,,UNKNOWN,,,,,,,,,,,,,,,,,UNKNOWN,,,,,,,,,,,,,,,,,UNKNOWN,,,,,,,,,,,,,,,,,UNKNOWN,,,,,,,,,,,0.15,1.1E3,1.0E4,30,10.26,10.56,DETECTED,10.37,285.0753,1.30,1.0E4,1.5E3,285.0710,285.0762,1.57,,,,,,,,,UNKNOWN,,,,,,,,,,
57,1.0E3,3.8E4,3.8E4,1.8E4,496.3352,496.3410,95,19.67,20.70,,496.3383,19.94,,,,,,,UNKNOWN,,,,,,,,,,,,,,,,,UNKNOWN,,,,,,,,,,,0.23,1.1E3,7.6E3,14,19.69,20.19,DETECTED,19.88,496.3386,1.33,7.6E3,1.9E3,496.3367,496.3407,2.90,,,,,,,,,UNKNOWN,,,,,,,,,,,0.24,1.1E3,1.2E4,7,19.67,20.30,DETECTED,19.88,496.3389,1.99,1.2E4,3.4E3,496.3347,496.3417,1.89,,,,,,,,,UNKNOWN,,,,,,,,,,,0.41,2.4E3,3.5E4,33,19.76,20.48,DETECTED,20.08,496.3377,0.90,3.5E4,1.5E4,496.3370,496.3393,1.51,1,2,0.23,1.0E3,8.3E3,6,19.69,20.22,DETECTED,19.84,496.3376,1.81,8.3E3,2.3E3,496.3318,496.3402,2.73,,,0.43,2.8E3,3.8E4,31,19.73,20.70,DETECTED,20.06,496.3381,1.38,3.8E4,1.8E4,496.3355,496.3395,2.66,1,2,0.26,1.2E3,1.0E4,4,19.68,20.24,DETECTED,19.90,496.3386,1.25,1.0E4,2.9E3,496.3352,496.3410,1.45,,,,,,,,,UNKNOWN,,,,,,,,,,
62,1.0E3,5.5E3,5.5E3,6.4E2,530.9814,530.9869,12,1.79,2.01,,530.9806,1.92,,,,,,,UNKNOWN,,,,,,,,,,,,,,,,,UNKNOWN,,,,,,,,,,,,,,,,,UNKNOWN,,,,,,,,,,,0.13,1.4E3,5.1E3,3,1.83,2.01,DETECTED,1.94,530.9798,0.80,5.1E3,6.4E2,530.9788,530.9810,0.60,,,,,,,,,UNKNOWN,,,,,,,,,,,,,,,,,UNKNOWN,,,,,,,,,,,0.12,1.0E3,5.2E3,3,1.83,2.01,DETECTED,1.92,530.9789,1.00,5.2E3,6.1E2,530.9771,530.9803,1.00,,,,,,,,,UNKNOWN,,,,,,,,,,,0.13,1.2E3,5.1E3,3,1.84,1.99,DETECTED,1.93,530.9800,0.87,5.1E3,5.8E2,530.9763,530.9812,0.75,,,,,,,,,UNKNOWN,,,,,,,,,,,0.11,1.2E3,5.5E3,3,1.79,1.95,DETECTED,1.88,530.9839,0.87,5.5E3,5.7E2,530.9814,530.9869,0.75,,
63,1.2E3,1.0E4,1.0E4,1.1E3,271.1367,271.1412,3,2.27,2.48,,271.1397,2.34,,,,,,,UNKNOWN,,,,,,,,,,,,,,,,,UNKNOWN,,,,,,,,,,,,,,,,,UNKNOWN,,,,,,,,,,,0.10,1.2E3,1.0E4,3,2.27,2.48,DETECTED,2.34,271.1397,1.64,1.0E4,1.1E3,271.1367,271.1412,2.08,,,,,,,,,UNKNOWN,,,,,,,,,,,,,,,,,UNKNOWN,,,,,,,,,,,,,,,,,UNKNOWN,,,,,,,,,,,,,,,,,UNKNOWN,,,,,,,,,,,,,,,,,UNKNOWN,,,,,,,,,,,,,,,,,UNKNOWN,,,,,,,,,,,,,,,,,UNKNOWN,,,,,,,,,,
64,1.0E3,1.0E4,1.0E4,1.2E3,254.1556,254.1619,26,2.20,2.50,,254.1599,2.36,,,,,,,UNKNOWN,,,,,,,,,,,,,,,,,UNKNOWN,,,,,,,,,,,,,,,,,UNKNOWN,,,,,,,,,,,0.09,1.1E3,5.8E3,3,2.29,2.46,DETECTED,2.36,254.1604,1.25,5.8E3,5.7E2,254.1589,254.1615,1.50,,,,,,,,,UNKNOWN,,,,,,,,,,,,,,,,,UNKNOWN,,,,,,,,,,,0.10,1.1E3,6.4E3,5,2.28,2.44,DETECTED,2.37,254.1596,0.93,6.4E3,6.6E2,254.1577,254.1606,0.87,,,0.10,1.0E3,5.8E3,7,2.30,2.47,DETECTED,2.40,254.1601,0.88,5.8E3,5.9E2,254.1588,254.1624,0.76,,,0.09,1.2E3,1.0E4,5,2.28,2.46,DETECTED,2.35,254.1599,1.18,1.0E4,9.6E2,254.1591,254.1610,1.24,,,,,,,,,UNKNOWN,,,,,,,,,,,0.08,1.2E3,9.7E3,6,2.20,2.50,DETECTED,2.30,254.1595,1.47,9.7E3,1.2E3,254.1556,254.1619,1.81,,
65,1.1E3,1.2E4,1.2E4,1.9E3,423.1942,423.1980,25,5.45,5.70,,423.1953,5.55,,,,,,,UNKNOWN,,,,,,,,,,,,,,,,,UNKNOWN,,,,,,,,,,,,,,,,,UNKNOWN,,,,,,,,,,,0.19,1.1E3,6.2E3,17,5.46,5.70,DETECTED,5.58,423.1952,1.05,6.2E3,9.9E2,423.1935,423.1970,1.10,,,,,,,,,UNKNOWN,,,,,,,,,,,,,,,,,UNKNOWN,,,,,,,,,,,,,,,,,UNKNOWN,,,,,,,,,,,,,,,,,UNKNOWN,,,,,,,,,,,,,,,,,UNKNOWN,,,,,,,,,,,0.18,2.4E3,1.2E4,8,5.45,5.70,DETECTED,5.53,423.1954,1.50,1.2E4,1.9E3,423.1942,423.1980,2.00,,,,,,,,,UNKNOWN,,,,,,,,,,
66,1.0E3,4.8E4,4.8E4,1.0E4,218.0768,218.0810,52,6.00,6.66,1,218.0798,6.15,,,,,,,UNKNOWN,,,,,,,,,,,,,,,,,UNKNOWN,,,,,,,,,,,,,,,,,UNKNOWN,,,,,,,,,,,0.15,1.0E3,1.0E4,8,6.05,6.38,DETECTED,6.15,218.0795,1.61,1.0E4,1.7E3,218.0780,218.0809,2.09,,,,,,,,,UNKNOWN,,,,,,,,,,,,,,,,,UNKNOWN,,,,,,,,,,,0.17,1.1E3,4.5E4,15,6.02,6.60,DETECTED,6.16,218.0798,1.68,4.5E4,8.6E3,218.0775,218.0805,1.82,1,2,0.15,1.2E3,4.1E4,14,6.00,6.45,DETECTED,6.13,218.0801,1.68,4.1E4,7.1E3,218.0781,218.0815,2.00,1,2,0.18,1.1E3,4.8E4,15,6.02,6.66,DETECTED,6.14,218.0799,1.97,4.8E4,1.0E4,218.0768,218.0810,2.34,1,2,,,,,,,UNKNOWN,,,,,,,,,,,,,,,,,UNKNOWN,,,,,,,,,,
67,1.0E3,9.0E3,9.0E3,1.1E3,393.1375,393.1422,61,7.59,7.85,,393.1390,7.70,,,,,,,UNKNOWN,,,,,,,,,,,,,,,,,UNKNOWN,,,,,,,,,,,,,,,,,UNKNOWN,,,,,,,,,,,0.13,1.1E3,6.6E3,12,7.62,7.82,DETECTED,7.72,393.1390,1.00,6.6E3,8.4E2,393.1364,393.1411,1.00,,,,,,,,,UNKNOWN,,,,,,,,,,,,,,,,,UNKNOWN,,,,,,,,,,,0.12,1.4E3,7.4E3,16,7.60,7.83,DETECTED,7.69,393.1389,1.25,7.4E3,9.6E2,393.1375,393.1400,1.50,,,0.13,1.0E3,6.2E3,15,7.60,7.83,DETECTED,7.68,393.1392,1.46,6.2E3,8.2E2,393.1368,393.1443,2.08,,,0.11,1.0E3,9.0E3,18,7.59,7.85,DETECTED,7.69,393.1387,1.25,9.0E3,1.1E3,393.1375,393.1422,3.68,,,,,,,,,UNKNOWN,,,,,,,,,,,,,,,,,UNKNOWN,,,,,,,,,,
68,1.2E3,1.7E4,1.7E4,2.7E3,626.3247,626.3309,21,8.41,8.80,1,626.3294,8.57,,,,,,,UNKNOWN,,,,,,,,,,,,,,,,,UNKNOWN,,,,,,,,,,,,,,,,,UNKNOWN,,,,,,,,,,,0.16,1.8E3,1.7E4,12,8.41,8.70,DETECTED,8.53,626.3293,1.19,1.7E4,2.7E3,626.3254,626.3318,1.38,1,2,0.15,1.2E3,1.6E4,9,8.47,8.80,DETECTED,8.61,626.3294,1.18,1.6E4,2.7E3,626.3247,626.3309,1.55,1,2,,,,,,,UNKNOWN,,,,,,,,,,,,,,,,,UNKNOWN,,,,,,,,,,,,,,,,,UNKNOWN,,,,,,,,,,,,,,,,,UNKNOWN,,,,,,,,,,,,,,,,,UNKNOWN,,,,,,,,,,,,,,,,,UNKNOWN,,,,,,,,,,
69,1.2E3,7.9E3,7.9E3,1.1E3,578.3056,578.3106,10,8.65,8.96,,578.3071,8.76,,,,,,,UNKNOWN,,,,,,,,,,,,,,,,,UNKNOWN,,,,,,,,,,,,,,,,,UNKNOWN,,,,,,,,,,,0.17,1.2E3,7.0E3,5,8.65,8.90,DETECTED,8.74,578.3069,1.41,7.0E3,1.1E3,578.3038,578.3096,1.81,,,0.10,1.2E3,7.9E3,5,8.72,8.96,DETECTED,8.78,578.3073,2.10,7.9E3,1.0E3,578.3056,578.3106,3.44,,,,,,,,,UNKNOWN,,,,,,,,,,,,,,,,,UNKNOWN,,,,,,,,,,,,,,,,,UNKNOWN,,,,,,,,,,,,,,,,,UNKNOWN,,,,,,,,,,,,,,,,,UNKNOWN,,,,,,,,,,,,,,,,,UNKNOWN,,,,,,,,,,
70,1.2E3,2.5E4,2.5E4,4.6E3,592.3209,592.3266,14,9.12,9.53,1,592.3234,9.24,,,,,,,UNKNOWN,,,,,,,,,,,,,,,,,UNKNOWN,,,,,,,,,,,,,,,,,UNKNOWN,,,,,,,,,,,0.16,2.2E3,2.5E4,7,9.12,9.53,DETECTED,9.21,592.3229,2.43,2.5E4,4.6E3,592.3212,592.3243,3.50,1,2,0.14,1.2E3,1.4E4,7,9.20,9.51,DETECTED,9.27,592.3238,2.12,1.4E4,2.2E3,592.3209,592.3266,6.56,1,2,,,,,,,UNKNOWN,,,,,,,,,,,,,,,,,UNKNOWN,,,,,,,,,,,,,,,,,UNKNOWN,,,,,,,,,,,,,,,,,UNKNOWN,,,,,,,,,,,,,,,,,UNKNOWN,,,,,,,,,,,,,,,,,UNKNOWN,,,,,,,,,,
71,1.0E3,6.8E3,6.8E3,1.3E3,576.3453,576.3517,14,9.21,9.56,,576.3485,9.42,,,,,,,UNKNOWN,,,,,,,,,,,,,,,,,UNKNOWN,,,,,,,,,,,,,,,,,UNKNOWN,,,,,,,,,,,0.19,1.0E3,6.8E3,7,9.21,9.49,DETECTED,9.37,576.3477,0.84,6.8E3,1.2E3,576.3459,576.3499,0.69,,,0.22,1.0E3,6.7E3,7,9.27,9.56,DETECTED,9.47,576.3494,0.73,6.7E3,1.3E3,576.3453,576.3517,0.47,,,,,,,,,UNKNOWN,,,,,,,,,,,,,,,,,UNKNOWN,,,,,,,,,,,,,,,,,UNKNOWN,,,,,,,,,,,,,,,,,UNKNOWN,,,,,,,,,,,,,,,,,UNKNOWN,,,,,,,,,,,,,,,,,UNKNOWN,,,,,,,,,,
72,1.1E3,9.4E3,9.4E3,1.9E3,296.6634,296.6661,6,9.40,9.79,,296.6648,9.54,,,,,,,UNKNOWN,,,,,,,,,,,,,,,,,UNKNOWN,,,,,,,,,,,,,,,,,UNKNOWN,,,,,,,,,,,0.18,1.2E3,9.4E3,3,9.40,9.79,DETECTED,9.51,296.6648,1.73,9.4E3,1.9E3,296.6635,296.6659,2.42,,,0.14,1.1E3,5.8E3,3,9.51,9.75,DETECTED,9.58,296.6649,1.79,5.8E3,8.4E2,296.6634,296.6661,2.59,,,,,,,,,UNKNOWN,,,,,,,,,,,,,,,,,UNKNOWN,,,,,,,,,,,,,,,,,UNKNOWN,,,,,,,,,,,,,,,,,UNKNOWN,,,,,,,,,,,,,,,,,UNKNOWN,,,,,,,,,,,,,,,,,UNKNOWN,,,,,,,,,,
73,1.2E3,7.8E3,7.8E3,9.0E2,1219.6486,1219.6616,3,9.42,9.61,1,1219.6579,9.51,,,,,,,UNKNOWN,,,,,,,,,,,,,,,,,UNKNOWN,,,,,,,,,,,,,,,,,UNKNOWN,,,,,,,,,,,0.11,1.2E3,7.8E3,3,9.42,9.61,DETECTED,9.51,1219.6579,1.03,7.8E3,9.0E2,1219.6486,1219.6616,1.06,1,2,,,,,,,UNKNOWN,,,,,,,,,,,,,,,,,UNKNOWN,,,,,,,,,,,,,,,,,UNKNOWN,,,,,,,,,,,,,,,,,UNKNOWN,,,,,,,,,,,,,,,,,UNKNOWN,,,,,,,,,,,,,,,,,UNKNOWN,,,,,,,,,,,,,,,,,UNKNOWN,,,,,,,,,,
74,1.1E3,1.5E4,1.5E4,2.1E3,624.3101,624.3190,21,10.48,10.76,,624.3139,10.58,,,,,,,UNKNOWN,,,,,,,,,,,,,,,,,UNKNOWN,,,,,,,,,,,,,,,,,UNKNOWN,,,,,,,,,,,0.13,1.1E3,1.5E4,10,10.48,10.76,DETECTED,10.57,624.3129,1.50,1.5E4,2.1E3,624.3085,624.3151,1.94,,,0.12,1.1E3,8.5E3,11,10.49,10.73,DETECTED,10.59,624.3149,1.17,8.5E3,1.1E3,624.3101,624.3190,1.41,,,,,,,,,UNKNOWN,,,,,,,,,,,,,,,,,UNKNOWN,,,,,,,,,,,,,,,,,UNKNOWN,,,,,,,,,,,,,,,,,UNKNOWN,,,,,,,,,,,,,,,,,UNKNOWN,,,,,,,,,,,,,,,,,UNKNOWN,,,,,,,,,,
75,1.1E3,5.3E3,5.3E3,1.5E3,315.0806,315.0857,36,10.77,11.17,,315.0843,11.02,,,,,,,UNKNOWN,,,,,,,,,,,,,,,,,UNKNOWN,,,,,,,,,,,,,,,,,UNKNOWN,,,,,,,,,,,0.27,1.1E3,5.0E3,16,10.79,11.16,DETECTED,11.02,315.0843,0.80,5.0E3,1.2E3,315.0830,315.0854,0.60,,,,,,,,,UNKNOWN,,,,,,,,,,,,,,,,,UNKNOWN,,,,,,,,,,,,,,,,,UNKNOWN,,,,,,,,,,,,,,,,,UNKNOWN,,,,,,,,,,,0.29,1.1E3,5.3E3,20,10.77,11.17,DETECTED,11.01,315.0842,0.81,5.3E3,1.5E3,315.0806,315.0857,0.63,,,,,,,,,UNKNOWN,,,,,,,,,,,,,,,,,UNKNOWN,,,,,,,,,,
76,1.0E3,1.3E4,1.3E4,2.1E3,824.7305,824.7398,37,13.14,13.50,2,824.7369,13.27,,,,,,,UNKNOWN,,,,,,,,,,,,,,,,,UNKNOWN,,,,,,,,,,,,,,,,,UNKNOWN,,,,,,,,,,,0.15,1.3E3,8.9E3,7,13.16,13.46,DETECTED,13.29,824.7367,1.15,8.9E3,1.5E3,824.7332,824.7397,1.67,2,3,,,,,,,UNKNOWN,,,,,,,,,,,,,,,,,UNKNOWN,,,,,,,,,,,0.15,1.2E3,1.1E4,12,13.15,13.50,DETECTED,13.24,824.7368,1.90,1.1E4,1.8E3,824.7326,824.7388,2.82,2,3,0.14,1.0E3,1.3E4,10,13.14,13.49,DETECTED,13.27,824.7370,1.38,1.3E4,2.1E3,824.7335,824.7411,1.64,2,3,0.13,1.1E3,9.2E3,8,13.16,13.45,DETECTED,13.26,824.7372,1.44,9.2E3,1.3E3,824.7305,824.7398,2.55,2,3,,,,,,,UNKNOWN,,,,,,,,,,,,,,,,,UNKNOWN,,,,,,,,,,
77,1.1E3,7.0E3,7.0E3,1.0E3,767.4483,767.4571,29,13.37,13.67,,767.4545,13.49,,,,,,,UNKNOWN,,,,,,,,,,,,,,,,,UNKNOWN,,,,,,,,,,,,,,,,,UNKNOWN,,,,,,,,,,,0.14,1.1E3,7.0E3,14,13.37,13.63,DETECTED,13.46,767.4552,1.44,7.0E3,1.0E3,767.4518,767.4578,1.96,,,,,,,,,UNKNOWN,,,,,,,,,,,,,,,,,UNKNOWN,,,,,,,,,,,,,,,,,UNKNOWN,,,,,,,,,,,,,,,,,UNKNOWN,,,,,,,,,,,,,,,,,UNKNOWN,,,,,,,,,,,,,,,,,UNKNOWN,,,,,,,,,,,0.19,1.1E3,6.0E3,15,13.42,13.67,DETECTED,13.51,767.4538,1.29,6.0E3,9.3E2,767.4483,767.4571,1.59,,
78,1.0E3,1.2E4,1.2E4,1.9E3,755.7128,755.7183,48,14.17,14.54,2,755.7153,14.29,,,,,,,UNKNOWN,,,,,,,,,,,,,,,,,UNKNOWN,,,,,,,,,,,,,,,,,UNKNOWN,,,,,,,,,,,0.16,1.1E3,1.2E4,12,14.17,14.54,DETECTED,14.28,755.7153,1.77,1.2E4,1.9E3,755.7124,755.7206,2.63,2,3,,,,,,,UNKNOWN,,,,,,,,,,,,,,,,,UNKNOWN,,,,,,,,,,,0.17,1.1E3,8.3E3,10,14.19,14.54,DETECTED,14.29,755.7147,1.72,8.3E3,1.5E3,755.7119,755.7184,2.39,2,3,0.17,1.0E3,7.7E3,15,14.17,14.52,DETECTED,14.30,755.7157,1.35,7.7E3,1.4E3,755.7099,755.7191,1.70,2,2,0.17,1.0E3,1.0E4,11,14.17,14.51,DETECTED,14.28,755.7156,1.58,1.0E4,1.8E3,755.7128,755.7183,2.28,2,3,,,,,,,UNKNOWN,,,,,,,,,,,,,,,,,UNKNOWN,,,,,,,,,,
79,1.0E3,1.2E4,1.2E4,2.2E3,790.2214,790.2303,40,14.88,15.37,2,790.2263,14.98,,,,,,,UNKNOWN,,,,,,,,,,,,,,,,,UNKNOWN,,,,,,,,,,,,,,,,,UNKNOWN,,,,,,,,,,,0.13,1.1E3,1.2E4,9,14.88,15.23,DETECTED,14.98,790.2262,1.72,1.2E4,2.1E3,790.2238,790.2287,2.44,2,3,,,,,,,UNKNOWN,,,,,,,,,,,,,,,,,UNKNOWN,,,,,,,,,,,0.12,1.0E3,1.0E4,7,14.88,15.17,DETECTED,14.98,790.2263,1.50,1.0E4,1.5E3,790.2238,790.2305,2.00,2,3,0.12,1.1E3,1.0E4,13,14.88,15.35,DETECTED,14.98,790.2264,2.41,1.0E4,1.9E3,790.2228,790.2286,4.13,2,3,0.13,1.1E3,1.1E4,11,14.89,15.37,DETECTED,14.99,790.2262,2.45,1.1E4,2.2E3,790.2214,790.2303,3.64,2,3,,,,,,,UNKNOWN,,,,,,,,,,,,,,,,,UNKNOWN,,,,,,,,,,
80,1.0E3,5.9E3,5.9E3,1.2E3,1651.4514,1651.4615,0,14.96,15.28,,1651.4547,15.07,,,,,,,UNKNOWN,,,,,,,,,,,,,,,,,UNKNOWN,,,,,,,,,,,,,,,,,UNKNOWN,,,,,,,,,,,0.32,1.0E3,5.9E3,0,14.96,15.28,DETECTED,15.06,1651.4564,1.58,5.9E3,1.2E3,1651.4514,1651.4615,2.17,,,,,,,,,UNKNOWN,,,,,,,,,,,,,,,,,UNKNOWN,,,,,,,,,,,0.21,1.2E3,5.5E3,0,14.96,15.27,DETECTED,15.08,1651.4544,1.31,5.5E3,1.1E3,1651.4465,1651.4584,1.62,,,0.26,1.0E3,5.9E3,0,14.96,15.28,DETECTED,15.06,1651.4533,1.65,5.9E3,1.2E3,1651.4478,1651.4595,2.30,,,,,,,,,UNKNOWN,,,,,,,,,,,,,,,,,UNKNOWN,,,,,,,,,,,,,,,,,UNKNOWN,,,,,,,,,,
82,1.0E3,1.6E4,1.6E4,3.7E3,1648.4495,1648.4598,17,14.93,15.38,2,1648.4547,15.07,,,,,,,UNKNOWN,,,,,,,,,,,,,,,,,UNKNOWN,,,,,,,,,,,,,,,,,UNKNOWN,,,,,,,,,,,0.20,1.2E3,1.6E4,5,14.95,15.37,DETECTED,15.08,1648.4554,1.92,1.6E4,3.6E3,1648.4467,1648.4589,2.07,2,5,,,,,,,UNKNOWN,,,,,,,,,,,,,,,,,UNKNOWN,,,,,,,,,,,0.22,1.0E3,1.6E4,4,14.93,15.38,DETECTED,15.06,1648.4541,1.93,1.6E4,3.7E3,1648.4457,1648.4602,2.38,2,5,0.22,1.1E3,1.6E4,6,14.93,15.35,DETECTED,15.08,1648.4545,1.36,1.6E4,3.6E3,1648.4492,1648.4585,1.67,2,5,0.20,1.2E3,1.4E4,2,14.95,15.34,DETECTED,15.06,1648.4546,1.79,1.4E4,3.0E3,1648.4495,1648.4598,2.46,1,4,,,,,,,UNKNOWN,,,,,,,,,,,,,,,,,UNKNOWN,,,,,,,,,,
83,1.0E3,4.8E4,4.8E4,1.7E4,824.7352,824.7404,72,14.87,15.65,2,824.7379,15.10,,,,,,,UNKNOWN,,,,,,,,,,,,,,,,,UNKNOWN,,,,,,,,,,,,,,,,,UNKNOWN,,,,,,,,,,,0.32,1.2E3,4.8E4,19,14.89,15.56,DETECTED,15.12,824.7375,1.54,4.8E4,1.6E4,824.7350,824.7391,2.03,2,5,,,,,,,UNKNOWN,,,,,,,,,,,,,,,,,UNKNOWN,,,,,,,,,,,0.33,1.0E3,4.8E4,13,14.87,15.64,DETECTED,15.09,824.7377,1.78,4.8E4,1.7E4,824.7312,824.7402,2.25,2,5,0.32,1.2E3,4.8E4,22,14.87,15.65,DETECTED,15.08,824.7380,1.93,4.8E4,1.7E4,824.7338,824.7412,2.57,2,5,0.30,1.8E3,4.5E4,18,14.89,15.59,DETECTED,15.09,824.7382,1.76,4.5E4,1.4E4,824.7352,824.7404,2.37,2,5,,,,,,,UNKNOWN,,,,,,,,,,,,,,,,,UNKNOWN,,,,,,,,,,
84,1.2E3,8.5E3,8.5E3,1.9E3,824.7343,824.7446,81,15.56,16.00,2,824.7372,15.81,,,,,,,UNKNOWN,,,,,,,,,,,,,,,,,UNKNOWN,,,,,,,,,,,,,,,,,UNKNOWN,,,,,,,,,,,0.17,1.2E3,8.5E3,26,15.56,15.98,DETECTED,15.81,824.7367,0.84,8.5E3,1.9E3,824.7339,824.7397,0.68,2,3,,,,,,,UNKNOWN,,,,,,,,,,,,,,,,,UNKNOWN,,,,,,,,,,,0.16,1.2E3,7.2E3,11,15.64,15.99,DETECTED,15.80,824.7367,1.08,7.2E3,1.4E3,824.7300,824.7431,1.45,2,2,0.17,1.2E3,6.5E3,31,15.65,16.00,DETECTED,15.79,824.7375,1.27,6.5E3,1.3E3,824.7341,824.7413,1.50,2,2,0.77,1.5E3,5.1E3,13,15.59,15.93,DETECTED,15.83,824.7377,0.69,5.1E3,1.0E3,824.7343,824.7446,0.39,,,,,,,,,UNKNOWN,,,,,,,,,,,,,,,,,UNKNOWN,,,,,,,,,,
85,1.2E3,6.7E3,6.7E3,1.8E3,825.2265,825.2348,24,17.79,18.24,2,825.2302,17.92,,,,,,,UNKNOWN,,,,,,,,,,,,,,,,,UNKNOWN,,,,,,,,,,,,,,,,,UNKNOWN,,,,,,,,,,,0.26,1.2E3,6.7E3,24,17.79,18.24,DETECTED,17.92,825.2302,1.74,6.7E3,1.8E3,825.2265,825.2348,2.64,2,2,,,,,,,UNKNOWN,,,,,,,,,,,,,,,,,UNKNOWN,,,,,,,,,,,,,,,,,UNKNOWN,,,,,,,,,,,,,,,,,UNKNOWN,,,,,,,,,,,,,,,,,UNKNOWN,,,,,,,,,,,,,,,,,UNKNOWN,,,,,,,,,,,,,,,,,UNKNOWN,,,,,,,,,,
88,1.5E3,9.4E3,9.4E3,1.3E3,438.1744,438.1779,5,1.60,1.81,,438.1769,1.71,,,,,,,UNKNOWN,,,,,,,,,,,,,,,,,UNKNOWN,,,,,,,,,,,,,,,,,UNKNOWN,,,,,,,,,,,,,,,,,UNKNOWN,,,,,,,,,,,0.13,1.5E3,9.4E3,5,1.60,1.81,DETECTED,1.71,438.1769,0.93,9.4E3,1.3E3,438.1744,438.1779,0.85,,,,,,,,,UNKNOWN,,,,,,,,,,,,,,,,,UNKNOWN,,,,,,,,,,,,,,,,,UNKNOWN,,,,,,,,,,,,,,,,,UNKNOWN,,,,,,,,,,,,,,,,,UNKNOWN,,,,,,,,,,,,,,,,,UNKNOWN,,,,,,,,,,
89,1.1E3,6.1E3,6.1E3,7.6E2,445.1808,445.1860,6,1.62,1.83,,445.1839,1.71,,,,,,,UNKNOWN,,,,,,,,,,,,,,,,,UNKNOWN,,,,,,,,,,,,,,,,,UNKNOWN,,,,,,,,,,,,,,,,,UNKNOWN,,,,,,,,,,,0.14,1.1E3,6.1E3,6,1.62,1.83,DETECTED,1.71,445.1839,1.16,6.1E3,7.6E2,445.1808,445.1860,1.31,,,,,,,,,UNKNOWN,,,,,,,,,,,,,,,,,UNKNOWN,,,,,,,,,,,,,,,,,UNKNOWN,,,,,,,,,,,,,,,,,UNKNOWN,,,,,,,,,,,,,,,,,UNKNOWN,,,,,,,,,,,,,,,,,UNKNOWN,,,,,,,,,,
90,1.3E3,6.2E3,6.2E3,9.3E2,310.1861,310.1894,11,6.67,6.92,,310.1876,6.75,,,,,,,UNKNOWN,,,,,,,,,,,,,,,,,UNKNOWN,,,,,,,,,,,,,,,,,UNKNOWN,,,,,,,,,,,,,,,,,UNKNOWN,,,,,,,,,,,0.13,1.3E3,6.2E3,11,6.67,6.92,DETECTED,6.75,310.1876,1.57,6.2E3,9.3E2,310.1861,310.1894,2.14,,,,,,,,,UNKNOWN,,,,,,,,,,,,,,,,,UNKNOWN,,,,,,,,,,,,,,,,,UNKNOWN,,,,,,,,,,,,,,,,,UNKNOWN,,,,,,,,,,,,,,,,,UNKNOWN,,,,,,,,,,,,,,,,,UNKNOWN,,,,,,,,,,
91,1.2E3,5.4E3,5.4E3,6.5E2,610.2982,610.3027,31,7.31,7.51,,610.3011,7.38,,,,,,,UNKNOWN,,,,,,,,,,,,,,,,,UNKNOWN,,,,,,,,,,,,,,,,,UNKNOWN,,,,,,,,,,,,,,,,,UNKNOWN,,,,,,,,,,,0.12,1.2E3,5.4E3,31,7.31,7.51,DETECTED,7.38,610.3011,1.42,5.4E3,6.5E2,610.2982,610.3027,1.83,,,,,,,,,UNKNOWN,,,,,,,,,,,,,,,,,UNKNOWN,,,,,,,,,,,,,,,,,UNKNOWN,,,,,,,,,,,,,,,,,UNKNOWN,,,,,,,,,,,,,,,,,UNKNOWN,,,,,,,,,,,,,,,,,UNKNOWN,,,,,,,,,,
92,1.1E3,6.4E3,6.4E3,8.1E2,610.2947,610.3046,36,7.60,7.84,,610.3011,7.71,,,,,,,UNKNOWN,,,,,,,,,,,,,,,,,UNKNOWN,,,,,,,,,,,,,,,,,UNKNOWN,,,,,,,,,,,,,,,,,UNKNOWN,,,,,,,,,,,0.12,1.1E3,6.4E3,36,7.60,7.84,DETECTED,7.71,610.3011,1.14,6.4E3,8.1E2,610.2947,610.3046,1.12,,,,,,,,,UNKNOWN,,,,,,,,,,,,,,,,,UNKNOWN,,,,,,,,,,,,,,,,,UNKNOWN,,,,,,,,,,,,,,,,,UNKNOWN,,,,,,,,,,,,,,,,,UNKNOWN,,,,,,,,,,,,,,,,,UNKNOWN,,,,,,,,,,
93,1.0E3,5.9E3,5.9E3,1.1E3,612.3071,612.3181,20,7.99,8.33,,612.3130,8.17,,,,,,,UNKNOWN,,,,,,,,,,,,,,,,,UNKNOWN,,,,,,,,,,,,,,,,,UNKNOWN,,,,,,,,,,,,,,,,,UNKNOWN,,,,,,,,,,,0.19,1.0E3,5.9E3,20,7.99,8.33,DETECTED,8.17,612.3130,0.98,5.9E3,1.1E3,612.3071,612.3181,1.45,,,,,,,,,UNKNOWN,,,,,,,,,,,,,,,,,UNKNOWN,,,,,,,,,,,,,,,,,UNKNOWN,,,,,,,,,,,,,,,,,UNKNOWN,,,,,,,,,,,,,,,,,UNKNOWN,,,,,,,,,,,,,,,,,UNKNOWN,,,,,,,,,,
94,1.3E3,5.5E3,5.5E3,6.6E2,463.2278,463.2301,11,8.15,8.33,,463.2293,8.21,,,,,,,UNKNOWN,,,,,,,,,,,,,,,,,UNKNOWN,,,,,,,,,,,,,,,,,UNKNOWN,,,,,,,,,,,,,,,,,UNKNOWN,,,,,,,,,,,0.12,1.3E3,5.5E3,11,8.15,8.33,DETECTED,8.21,463.2293,1.60,5.5E3,6.6E2,463.2278,463.2301,2.19,,,,,,,,,UNKNOWN,,,,,,,,,,,,,,,,,UNKNOWN,,,,,,,,,,,,,,,,,UNKNOWN,,,,,,,,,,,,,,,,,UNKNOWN,,,,,,,,,,,,,,,,,UNKNOWN,,,,,,,,,,,,,,,,,UNKNOWN,,,,,,,,,,
95,1.4E3,4.1E4,4.1E4,4.7E3,477.2435,477.2463,10,8.67,8.86,1,477.2455,8.75,,,,,,,UNKNOWN,,,,,,,,,,,,,,,,,UNKNOWN,,,,,,,,,,,,,,,,,UNKNOWN,,,,,,,,,,,,,,,,,UNKNOWN,,,,,,,,,,,0.11,1.4E3,4.1E4,10,8.67,8.86,DETECTED,8.75,477.2455,1.19,4.1E4,4.7E3,477.2435,477.2463,1.47,1,2,,,,,,,UNKNOWN,,,,,,,,,,,,,,,,,UNKNOWN,,,,,,,,,,,,,,,,,UNKNOWN,,,,,,,,,,,,,,,,,UNKNOWN,,,,,,,,,,,,,,,,,UNKNOWN,,,,,,,,,,,,,,,,,UNKNOWN,,,,,,,,,,
96,1.3E3,2.1E4,2.1E4,4.2E3,626.3252,626.3300,19,9.79,10.24,1,626.3281,9.97,,,,,,,UNKNOWN,,,,,,,,,,,,,,,,,UNKNOWN,,,,,,,,,,,,,,,,,UNKNOWN,,,,,,,,,,,,,,,,,UNKNOWN,,,,,,,,,,,0.16,1.3E3,2.1E4,19,9.79,10.24,DETECTED,9.97,626.3281,1.25,2.1E4,4.2E3,626.3252,626.3300,1.62,1,2,,,,,,,UNKNOWN,,,,,,,,,,,,,,,,,UNKNOWN,,,,,,,,,,,,,,,,,UNKNOWN,,,,,,,,,,,,,,,,,UNKNOWN,,,,,,,,,,,,,,,,,UNKNOWN,,,,,,,,,,,,,,,,,UNKNOWN,,,,,,,,,,
97,1.2E3,1.7E4,1.7E4,3.0E3,640.3383,640.3462,18,10.16,10.64,1,640.3436,10.41,,,,,,,UNKNOWN,,,,,,,,,,,,,,,,,UNKNOWN,,,,,,,,,,,,,,,,,UNKNOWN,,,,,,,,,,,,,,,,,UNKNOWN,,,,,,,,,,,0.12,1.2E3,1.7E4,18,10.16,10.64,DETECTED,10.41,640.3436,0.94,1.7E4,3.0E3,640.3383,640.3462,0.78,1,2,,,,,,,UNKNOWN,,,,,,,,,,,,,,,,,UNKNOWN,,,,,,,,,,,,,,,,,UNKNOWN,,,,,,,,,,,,,,,,,UNKNOWN,,,,,,,,,,,,,,,,,UNKNOWN,,,,,,,,,,,,,,,,,UNKNOWN,,,,,,,,,,
98,1.0E3,7.2E3,7.2E3,8.5E2,654.3563,654.3625,14,10.76,10.97,,654.3597,10.86,,,,,,,UNKNOWN,,,,,,,,,,,,,,,,,UNKNOWN,,,,,,,,,,,,,,,,,UNKNOWN,,,,,,,,,,,,,,,,,UNKNOWN,,,,,,,,,,,0.12,1.0E3,7.2E3,14,10.76,10.97,DETECTED,10.86,654.3597,1.05,7.2E3,8.5E2,654.3563,654.3625,1.14,,,,,,,,,UNKNOWN,,,,,,,,,,,,,,,,,UNKNOWN,,,,,,,,,,,,,,,,,UNKNOWN,,,,,,,,,,,,,,,,,UNKNOWN,,,,,,,,,,,,,,,,,UNKNOWN,,,,,,,,,,,,,,,,,UNKNOWN,,,,,,,,,,
100,1.3E3,8.7E3,8.7E3,1.7E3,285.0725,285.0760,21,15.06,15.40,,285.0751,15.18,,,,,,,UNKNOWN,,,,,,,,,,,,,,,,,UNKNOWN,,,,,,,,,,,,,,,,,UNKNOWN,,,,,,,,,,,,,,,,,UNKNOWN,,,,,,,,,,,,,,,,,UNKNOWN,,,,,,,,,,,0.19,1.3E3,8.7E3,21,15.06,15.40,DETECTED,15.18,285.0751,1.45,8.7E3,1.7E3,285.0725,285.0760,2.10,,,,,,,,,UNKNOWN,,,,,,,,,,,,,,,,,UNKNOWN,,,,,,,,,,,,,,,,,UNKNOWN,,,,,,,,,,,,,,,,,UNKNOWN,,,,,,,,,,,,,,,,,UNKNOWN,,,,,,,,,,
101,1.2E3,1.0E4,1.0E4,2.0E3,466.2878,466.2927,40,16.57,16.97,,466.2908,16.75,,,,,,,UNKNOWN,,,,,,,,,,,,,,,,,UNKNOWN,,,,,,,,,,,,,,,,,UNKNOWN,,,,,,,,,,,,,,,,,UNKNOWN,,,,,,,,,,,,,,,,,UNKNOWN,,,,,,,,,,,0.24,1.3E3,5.7E3,29,16.63,16.97,DETECTED,16.77,466.2913,1.25,5.7E3,1.2E3,466.2894,466.2932,1.50,,,,,,,,,UNKNOWN,,,,,,,,,,,,,,,,,UNKNOWN,,,,,,,,,,,,,,,,,UNKNOWN,,,,,,,,,,,0.19,1.2E3,1.0E4,11,16.57,16.96,DETECTED,16.73,466.2902,1.28,1.0E4,2.0E3,466.2878,466.2927,1.86,,,,,,,,,UNKNOWN,,,,,,,,,,
102,1.0E3,1.0E4,1.0E4,3.3E3,482.3209,482.3239,63,19.24,20.13,,482.3222,19.55,,,,,,,UNKNOWN,,,,,,,,,,,,,,,,,UNKNOWN,,,,,,,,,,,,,,,,,UNKNOWN,,,,,,,,,,,,,,,,,UNKNOWN,,,,,,,,,,,,,,,,,UNKNOWN,,,,,,,,,,,0.36,1.3E3,8.6E3,30,19.39,20.13,DETECTED,19.60,482.3224,1.75,8.6E3,3.3E3,482.3195,482.3256,2.56,,,0.36,1.2E3,5.2E3,28,19.27,19.91,DETECTED,19.60,482.3219,0.97,5.2E3,2.0E3,482.3194,482.3239,0.93,,,,,,,,,UNKNOWN,,,,,,,,,,,,,,,,,UNKNOWN,,,,,,,,,,,0.22,1.0E3,1.0E4,5,19.24,19.77,DETECTED,19.44,482.3224,1.33,1.0E4,2.7E3,482.3209,482.3239,2.01,,,,,,,,,UNKNOWN,,,,,,,,,,
103,1.0E3,1.9E4,1.9E4,2.6E3,377.1433,377.1465,56,6.76,7.08,,377.1444,6.87,,,,,,,UNKNOWN,,,,,,,,,,,,,,,,,UNKNOWN,,,,,,,,,,,,,,,,,UNKNOWN,,,,,,,,,,,,,,,,,UNKNOWN,,,,,,,,,,,,,,,,,UNKNOWN,,,,,,,,,,,,,,,,,UNKNOWN,,,,,,,,,,,0.12,1.0E3,1.9E4,25,6.76,7.08,DETECTED,6.86,377.1445,1.46,1.9E4,2.6E3,377.1418,377.1461,1.88,,,,,,,,,UNKNOWN,,,,,,,,,,,0.13,1.1E3,1.1E4,21,6.76,7.01,DETECTED,6.87,377.1440,1.10,1.1E4,1.4E3,377.1425,377.1456,1.30,,,0.12,1.3E3,9.3E3,10,6.79,7.00,DETECTED,6.87,377.1448,1.36,9.3E3,1.2E3,377.1433,377.1465,1.72,,,,,,,,,UNKNOWN,,,,,,,,,,
104,1.3E3,7.5E3,7.5E3,1.0E3,243.0842,243.0878,31,9.42,9.66,,243.0857,9.51,,,,,,,UNKNOWN,,,,,,,,,,,,,,,,,UNKNOWN,,,,,,,,,,,,,,,,,UNKNOWN,,,,,,,,,,,,,,,,,UNKNOWN,,,,,,,,,,,,,,,,,UNKNOWN,,,,,,,,,,,,,,,,,UNKNOWN,,,,,,,,,,,0.14,1.3E3,7.5E3,13,9.42,9.66,DETECTED,9.51,243.0857,1.35,7.5E3,1.0E3,243.0847,243.0864,1.69,,,,,,,,,UNKNOWN,,,,,,,,,,,,,,,,,UNKNOWN,,,,,,,,,,,0.13,1.3E3,7.1E3,18,9.42,9.66,DETECTED,9.52,243.0857,1.20,7.1E3,9.2E2,243.0842,243.0878,1.40,,,,,,,,,UNKNOWN,,,,,,,,,,
105,1.0E3,1.0E4,1.0E4,1.7E3,825.7355,825.7465,4,14.08,14.45,2,825.7437,14.19,,,,,,,UNKNOWN,,,,,,,,,,,,,,,,,UNKNOWN,,,,,,,,,,,,,,,,,UNKNOWN,,,,,,,,,,,,,,,,,UNKNOWN,,,,,,,,,,,,,,,,,UNKNOWN,,,,,,,,,,,,,,,,,UNKNOWN,,,,,,,,,,,0.17,1.0E3,1.0E4,4,14.08,14.45,DETECTED,14.19,825.7437,1.71,1.0E4,1.7E3,825.7355,825.7465,2.41,2,3,,,,,,,UNKNOWN,,,,,,,,,,,,,,,,,UNKNOWN,,,,,,,,,,,,,,,,,UNKNOWN,,,,,,,,,,,,,,,,,UNKNOWN,,,,,,,,,,
106,2.4E3,1.1E4,1.1E4,2.5E3,826.2333,826.2402,11,15.38,15.79,2,826.2370,15.49,,,,,,,UNKNOWN,,,,,,,,,,,,,,,,,UNKNOWN,,,,,,,,,,,,,,,,,UNKNOWN,,,,,,,,,,,,,,,,,UNKNOWN,,,,,,,,,,,,,,,,,UNKNOWN,,,,,,,,,,,,,,,,,UNKNOWN,,,,,,,,,,,0.34,2.4E3,1.1E4,11,15.38,15.79,DETECTED,15.49,826.2370,1.74,1.1E4,2.5E3,826.2333,826.2402,2.47,2,3,,,,,,,UNKNOWN,,,,,,,,,,,,,,,,,UNKNOWN,,,,,,,,,,,,,,,,,UNKNOWN,,,,,,,,,,,,,,,,,UNKNOWN,,,,,,,,,,
107,1.1E3,1.3E4,1.3E4,3.2E3,492.3028,492.3087,42,16.57,17.09,,492.3061,16.75,,,,,,,UNKNOWN,,,,,,,,,,,,,,,,,UNKNOWN,,,,,,,,,,,,,,,,,UNKNOWN,,,,,,,,,,,,,,,,,UNKNOWN,,,,,,,,,,,,,,,,,UNKNOWN,,,,,,,,,,,,,,,,,UNKNOWN,,,,,,,,,,,0.23,1.1E3,1.3E4,22,16.57,17.09,DETECTED,16.76,492.3063,1.35,1.3E4,3.2E3,492.3025,492.3080,1.66,,,,,,,,,UNKNOWN,,,,,,,,,,,0.21,1.1E3,1.1E4,20,16.57,17.04,DETECTED,16.73,492.3060,1.45,1.1E4,2.6E3,492.3028,492.3087,2.16,,,,,,,,,UNKNOWN,,,,,,,,,,,,,,,,,UNKNOWN,,,,,,,,,,
108,1.1E3,1.7E4,1.7E4,4.7E3,480.3050,480.3103,58,16.91,17.59,,480.3067,17.09,,,,,,,UNKNOWN,,,,,,,,,,,,,,,,,UNKNOWN,,,,,,,,,,,,,,,,,UNKNOWN,,,,,,,,,,,,,,,,,UNKNOWN,,,,,,,,,,,,,,,,,UNKNOWN,,,,,,,,,,,,,,,,,UNKNOWN,,,,,,,,,,,0.24,1.1E3,9.2E3,25,16.94,17.35,DETECTED,17.11,480.3066,1.22,9.2E3,2.3E3,480.3048,480.3083,1.59,,,,,,,,,UNKNOWN,,,,,,,,,,,0.23,1.1E3,1.7E4,24,16.93,17.59,DETECTED,17.09,480.3067,2.09,1.7E4,4.7E3,480.3038,480.3080,2.62,,,0.20,1.3E3,1.1E4,9,16.91,17.34,DETECTED,17.07,480.3067,1.34,1.1E4,2.4E3,480.3050,480.3103,1.67,,,,,,,,,UNKNOWN,,,,,,,,,,
109,1.0E3,1.2E4,1.2E4,4.9E3,494.3174,494.3237,60,17.95,18.89,,494.3215,18.41,,,,,,,UNKNOWN,,,,,,,,,,,,,,,,,UNKNOWN,,,,,,,,,,,,,,,,,UNKNOWN,,,,,,,,,,,,,,,,,UNKNOWN,,,,,,,,,,,,,,,,,UNKNOWN,,,,,,,,,,,,,,,,,UNKNOWN,,,,,,,,,,,0.41,1.1E3,6.3E3,31,17.97,18.81,DETECTED,18.44,494.3213,0.90,6.3E3,2.7E3,494.3180,494.3247,0.79,,,,,,,,,UNKNOWN,,,,,,,,,,,0.30,1.0E3,1.2E4,29,17.95,18.89,DETECTED,18.39,494.3217,1.08,1.2E4,4.9E3,494.3174,494.3237,1.13,,,,,,,,,UNKNOWN,,,,,,,,,,,,,,,,,UNKNOWN,,,,,,,,,,
110,1.1E3,6.2E3,6.2E3,1.9E3,482.3188,482.3228,42,18.34,18.87,,482.3213,18.54,,,,,,,UNKNOWN,,,,,,,,,,,,,,,,,UNKNOWN,,,,,,,,,,,,,,,,,UNKNOWN,,,,,,,,,,,,,,,,,UNKNOWN,,,,,,,,,,,,,,,,,UNKNOWN,,,,,,,,,,,,,,,,,UNKNOWN,,,,,,,,,,,0.40,1.2E3,6.1E3,24,18.36,18.87,DETECTED,18.55,482.3215,1.32,6.1E3,1.9E3,482.3189,482.3244,1.65,,,,,,,,,UNKNOWN,,,,,,,,,,,0.30,1.1E3,6.2E3,18,18.34,18.82,DETECTED,18.53,482.3211,1.23,6.2E3,1.8E3,482.3188,482.3228,1.44,,,,,,,,,UNKNOWN,,,,,,,,,,,,,,,,,UNKNOWN,,,,,,,,,,
112,1.2E3,1.0E4,1.0E4,1.3E3,663.1887,663.1948,15,9.59,9.84,,663.1909,9.68,,,,,,,UNKNOWN,,,,,,,,,,,,,,,,,UNKNOWN,,,,,,,,,,,,,,,,,UNKNOWN,,,,,,,,,,,,,,,,,UNKNOWN,,,,,,,,,,,,,,,,,UNKNOWN,,,,,,,,,,,,,,,,,UNKNOWN,,,,,,,,,,,,,,,,,UNKNOWN,,,,,,,,,,,0.12,1.2E3,1.0E4,15,9.59,9.84,DETECTED,9.68,663.1909,1.37,1.0E4,1.3E3,663.1887,663.1948,2.19,,,,,,,,,UNKNOWN,,,,,,,,,,,,,,,,,UNKNOWN,,,,,,,,,,,,,,,,,UNKNOWN,,,,,,,,,,
113,1.1E3,5.4E3,5.4E3,6.8E2,647.1920,647.2003,17,9.73,9.93,,647.1970,9.82,,,,,,,UNKNOWN,,,,,,,,,,,,,,,,,UNKNOWN,,,,,,,,,,,,,,,,,UNKNOWN,,,,,,,,,,,,,,,,,UNKNOWN,,,,,,,,,,,,,,,,,UNKNOWN,,,,,,,,,,,,,,,,,UNKNOWN,,,,,,,,,,,,,,,,,UNKNOWN,,,,,,,,,,,0.12,1.1E3,5.4E3,17,9.73,9.93,DETECTED,9.82,647.1970,1.17,5.4E3,6.8E2,647.1920,647.2003,1.34,,,,,,,,,UNKNOWN,,,,,,,,,,,,,,,,,UNKNOWN,,,,,,,,,,,,,,,,,UNKNOWN,,,,,,,,,,
114,1.0E3,6.9E3,6.9E3,6.1E2,689.2086,689.2131,3,1.97,2.12,,689.2105,2.03,,,,,,,UNKNOWN,,,,,,,,,,,,,,,,,UNKNOWN,,,,,,,,,,,,,,,,,UNKNOWN,,,,,,,,,,,,,,,,,UNKNOWN,,,,,,,,,,,,,,,,,UNKNOWN,,,,,,,,,,,,,,,,,UNKNOWN,,,,,,,,,,,,,,,,,UNKNOWN,,,,,,,,,,,,,,,,,UNKNOWN,,,,,,,,,,,0.08,1.0E3,6.9E3,3,1.97,2.12,DETECTED,2.03,689.2105,1.23,6.9E3,6.1E2,689.2086,689.2131,1.45,,,,,,,,,UNKNOWN,,,,,,,,,,,,,,,,,UNKNOWN,,,,,,,,,,
115,1.3E3,5.5E3,5.5E3,9.0E2,190.0826,190.0855,8,6.04,6.31,,190.0841,6.14,,,,,,,UNKNOWN,,,,,,,,,,,,,,,,,UNKNOWN,,,,,,,,,,,,,,,,,UNKNOWN,,,,,,,,,,,,,,,,,UNKNOWN,,,,,,,,,,,,,,,,,UNKNOWN,,,,,,,,,,,,,,,,,UNKNOWN,,,,,,,,,,,,,,,,,UNKNOWN,,,,,,,,,,,,,,,,,UNKNOWN,,,,,,,,,,,0.16,1.3E3,5.5E3,8,6.04,6.31,DETECTED,6.14,190.0841,1.38,5.5E3,9.0E2,190.0826,190.0855,1.76,,,,,,,,,UNKNOWN,,,,,,,,,,,,,,,,,UNKNOWN,,,,,,,,,,
116,1.2E3,1.1E4,1.1E4,1.4E3,334.1364,334.1403,14,7.02,7.27,,334.1383,7.12,,,,,,,UNKNOWN,,,,,,,,,,,,,,,,,UNKNOWN,,,,,,,,,,,,,,,,,UNKNOWN,,,,,,,,,,,,,,,,,UNKNOWN,,,,,,,,,,,,,,,,,UNKNOWN,,,,,,,,,,,,,,,,,UNKNOWN,,,,,,,,,,,,,,,,,UNKNOWN,,,,,,,,,,,,,,,,,UNKNOWN,,,,,,,,,,,0.11,1.3E3,1.1E4,11,7.02,7.27,DETECTED,7.11,334.1383,1.38,1.1E4,1.4E3,334.1347,334.1396,1.69,,,0.13,1.2E3,5.5E3,3,7.05,7.24,DETECTED,7.13,334.1383,1.13,5.5E3,6.9E2,334.1364,334.1403,1.27,,,,,,,,,UNKNOWN,,,,,,,,,,
117,1.3E3,5.4E3,5.4E3,8.6E2,1649.9526,1649.9650,0,14.99,15.22,,1649.9559,15.09,,,,,,,UNKNOWN,,,,,,,,,,,,,,,,,UNKNOWN,,,,,,,,,,,,,,,,,UNKNOWN,,,,,,,,,,,,,,,,,UNKNOWN,,,,,,,,,,,,,,,,,UNKNOWN,,,,,,,,,,,,,,,,,UNKNOWN,,,,,,,,,,,,,,,,,UNKNOWN,,,,,,,,,,,,,,,,,UNKNOWN,,,,,,,,,,,0.17,1.3E3,5.4E3,0,14.99,15.22,DETECTED,15.09,1649.9559,1.17,5.4E3,8.6E2,1649.9526,1649.9650,1.33,,,,,,,,,UNKNOWN,,,,,,,,,,,,,,,,,UNKNOWN,,,,,,,,,,
118,1.3E3,5.5E3,5.5E3,1.3E3,496.3360,496.3401,24,19.36,19.73,,496.3372,19.53,,,,,,,UNKNOWN,,,,,,,,,,,,,,,,,UNKNOWN,,,,,,,,,,,,,,,,,UNKNOWN,,,,,,,,,,,,,,,,,UNKNOWN,,,,,,,,,,,,,,,,,UNKNOWN,,,,,,,,,,,,,,,,,UNKNOWN,,,,,,,,,,,,,,,,,UNKNOWN,,,,,,,,,,,,,,,,,UNKNOWN,,,,,,,,,,,0.41,1.3E3,5.5E3,24,19.36,19.73,DETECTED,19.53,496.3372,1.10,5.5E3,1.3E3,496.3360,496.3401,1.20,,,,,,,,,UNKNOWN,,,,,,,,,,,,,,,,,UNKNOWN,,,,,,,,,,
120,1.2E3,6.6E3,6.6E3,1.4E3,504.6942,504.6980,5,1.54,1.82,,504.6968,1.64,,,,,,,UNKNOWN,,,,,,,,,,,,,,,,,UNKNOWN,,,,,,,,,,,,,,,,,UNKNOWN,,,,,,,,,,,,,,,,,UNKNOWN,,,,,,,,,,,,,,,,,UNKNOWN,,,,,,,,,,,,,,,,,UNKNOWN,,,,,,,,,,,,,,,,,UNKNOWN,,,,,,,,,,,,,,,,,UNKNOWN,,,,,,,,,,,,,,,,,UNKNOWN,,,,,,,,,,,0.22,1.2E3,6.6E3,5,1.54,1.82,DETECTED,1.64,504.6968,1.34,6.6E3,1.4E3,504.6942,504.6980,1.68,,,,,,,,,UNKNOWN,,,,,,,,,,
121,1.2E3,1.0E4,1.0E4,2.2E3,513.7002,513.7034,6,1.52,1.85,2,513.7019,1.72,,,,,,,UNKNOWN,,,,,,,,,,,,,,,,,UNKNOWN,,,,,,,,,,,,,,,,,UNKNOWN,,,,,,,,,,,,,,,,,UNKNOWN,,,,,,,,,,,,,,,,,UNKNOWN,,,,,,,,,,,,,,,,,UNKNOWN,,,,,,,,,,,,,,,,,UNKNOWN,,,,,,,,,,,,,,,,,UNKNOWN,,,,,,,,,,,,,,,,,UNKNOWN,,,,,,,,,,,0.23,1.2E3,1.0E4,6,1.52,1.85,DETECTED,1.72,513.7019,0.81,1.0E4,2.2E3,513.7002,513.7034,0.56,2,2,,,,,,,UNKNOWN,,,,,,,,,,
122,1.0E3,8.1E3,8.1E3,1.9E3,409.1775,409.1833,17,3.48,3.91,,409.1802,3.60,,,,,,,UNKNOWN,,,,,,,,,,,,,,,,,UNKNOWN,,,,,,,,,,,,,,,,,UNKNOWN,,,,,,,,,,,,,,,,,UNKNOWN,,,,,,,,,,,,,,,,,UNKNOWN,,,,,,,,,,,,,,,,,UNKNOWN,,,,,,,,,,,,,,,,,UNKNOWN,,,,,,,,,,,,,,,,,UNKNOWN,,,,,,,,,,,,,,,,,UNKNOWN,,,,,,,,,,,0.24,1.0E3,8.1E3,17,3.48,3.91,DETECTED,3.60,409.1802,1.81,8.1E3,1.9E3,409.1775,409.1833,2.77,,,,,,,,,UNKNOWN,,,,,,,,,,
123,1.0E3,5.0E3,5.0E3,1.5E3,502.3169,502.3238,5,5.40,5.94,,502.3212,5.72,,,,,,,UNKNOWN,,,,,,,,,,,,,,,,,UNKNOWN,,,,,,,,,,,,,,,,,UNKNOWN,,,,,,,,,,,,,,,,,UNKNOWN,,,,,,,,,,,,,,,,,UNKNOWN,,,,,,,,,,,,,,,,,UNKNOWN,,,,,,,,,,,,,,,,,UNKNOWN,,,,,,,,,,,,,,,,,UNKNOWN,,,,,,,,,,,,,,,,,UNKNOWN,,,,,,,,,,,0.28,1.0E3,5.0E3,5,5.40,5.94,DETECTED,5.72,502.3212,0.83,5.0E3,1.5E3,502.3169,502.3238,0.67,,,,,,,,,UNKNOWN,,,,,,,,,,
124,1.3E3,7.6E3,7.6E3,9.5E2,363.1057,363.1103,3,5.91,6.13,,363.1068,5.98,,,,,,,UNKNOWN,,,,,,,,,,,,,,,,,UNKNOWN,,,,,,,,,,,,,,,,,UNKNOWN,,,,,,,,,,,,,,,,,UNKNOWN,,,,,,,,,,,,,,,,,UNKNOWN,,,,,,,,,,,,,,,,,UNKNOWN,,,,,,,,,,,,,,,,,UNKNOWN,,,,,,,,,,,,,,,,,UNKNOWN,,,,,,,,,,,,,,,,,UNKNOWN,,,,,,,,,,,0.13,1.3E3,7.6E3,3,5.91,6.13,DETECTED,5.98,363.1068,1.63,7.6E3,9.5E2,363.1057,363.1103,2.21,,,,,,,,,UNKNOWN,,,,,,,,,,
125,1.1E3,1.0E4,1.0E4,1.6E3,457.1780,457.1834,5,6.20,6.50,,457.1806,6.30,,,,,,,UNKNOWN,,,,,,,,,,,,,,,,,UNKNOWN,,,,,,,,,,,,,,,,,UNKNOWN,,,,,,,,,,,,,,,,,UNKNOWN,,,,,,,,,,,,,,,,,UNKNOWN,,,,,,,,,,,,,,,,,UNKNOWN,,,,,,,,,,,,,,,,,UNKNOWN,,,,,,,,,,,,,,,,,UNKNOWN,,,,,,,,,,,,,,,,,UNKNOWN,,,,,,,,,,,0.14,1.1E3,1.0E4,5,6.20,6.50,DETECTED,6.30,457.1806,1.53,1.0E4,1.6E3,457.1780,457.1834,2.08,,,,,,,,,UNKNOWN,,,,,,,,,,
126,1.1E3,6.0E3,6.0E3,6.9E2,166.0832,166.0852,4,6.25,6.44,,166.0844,6.33,,,,,,,UNKNOWN,,,,,,,,,,,,,,,,,UNKNOWN,,,,,,,,,,,,,,,,,UNKNOWN,,,,,,,,,,,,,,,,,UNKNOWN,,,,,,,,,,,,,,,,,UNKNOWN,,,,,,,,,,,,,,,,,UNKNOWN,,,,,,,,,,,,,,,,,UNKNOWN,,,,,,,,,,,,,,,,,UNKNOWN,,,,,,,,,,,,,,,,,UNKNOWN,,,,,,,,,,,0.12,1.1E3,6.0E3,4,6.25,6.44,DETECTED,6.33,166.0844,1.27,6.0E3,6.9E2,166.0832,166.0852,1.55,,,,,,,,,UNKNOWN,,,,,,,,,,
127,1.1E3,7.1E3,7.1E3,8.5E2,555.2467,555.2520,4,7.15,7.35,,555.2499,7.24,,,,,,,UNKNOWN,,,,,,,,,,,,,,,,,UNKNOWN,,,,,,,,,,,,,,,,,UNKNOWN,,,,,,,,,,,,,,,,,UNKNOWN,,,,,,,,,,,,,,,,,UNKNOWN,,,,,,,,,,,,,,,,,UNKNOWN,,,,,,,,,,,,,,,,,UNKNOWN,,,,,,,,,,,,,,,,,UNKNOWN,,,,,,,,,,,,,,,,,UNKNOWN,,,,,,,,,,,0.12,1.1E3,7.1E3,4,7.15,7.35,DETECTED,7.24,555.2499,1.17,7.1E3,8.5E2,555.2467,555.2520,1.33,,,,,,,,,UNKNOWN,,,,,,,,,,
128,1.1E3,5.2E3,5.2E3,7.5E2,211.1396,211.1441,15,8.10,8.33,,211.1421,8.20,,,,,,,UNKNOWN,,,,,,,,,,,,,,,,,UNKNOWN,,,,,,,,,,,,,,,,,UNKNOWN,,,,,,,,,,,,,,,,,UNKNOWN,,,,,,,,,,,,,,,,,UNKNOWN,,,,,,,,,,,,,,,,,UNKNOWN,,,,,,,,,,,,,,,,,UNKNOWN,,,,,,,,,,,,,,,,,UNKNOWN,,,,,,,,,,,,,,,,,UNKNOWN,,,,,,,,,,,0.14,1.1E3,5.2E3,15,8.10,8.33,DETECTED,8.20,211.1421,1.17,5.2E3,7.5E2,211.1396,211.1441,1.35,,,,,,,,,UNKNOWN,,,,,,,,,,
129,1.3E3,6.3E3,6.3E3,1.1E3,470.2814,470.2885,17,14.96,15.22,,470.2855,15.07,,,,,,,UNKNOWN,,,,,,,,,,,,,,,,,UNKNOWN,,,,,,,,,,,,,,,,,UNKNOWN,,,,,,,,,,,,,,,,,UNKNOWN,,,,,,,,,,,,,,,,,UNKNOWN,,,,,,,,,,,,,,,,,UNKNOWN,,,,,,,,,,,,,,,,,UNKNOWN,,,,,,,,,,,,,,,,,UNKNOWN,,,,,,,,,,,,,,,,,UNKNOWN,,,,,,,,,,,0.18,1.3E3,6.3E3,17,14.96,15.22,DETECTED,15.07,470.2855,1.24,6.3E3,1.1E3,470.2814,470.2885,1.47,,,,,,,,,UNKNOWN,,,,,,,,,,
130,1.0E3,6.9E3,6.9E3,1.2E3,484.2969,484.3029,20,15.20,15.47,,484.3010,15.34,,,,,,,UNKNOWN,,,,,,,,,,,,,,,,,UNKNOWN,,,,,,,,,,,,,,,,,UNKNOWN,,,,,,,,,,,,,,,,,UNKNOWN,,,,,,,,,,,,,,,,,UNKNOWN,,,,,,,,,,,,,,,,,UNKNOWN,,,,,,,,,,,,,,,,,UNKNOWN,,,,,,,,,,,,,,,,,UNKNOWN,,,,,,,,,,,,,,,,,UNKNOWN,,,,,,,,,,,0.21,1.0E3,6.9E3,20,15.20,15.47,DETECTED,15.34,484.3010,0.92,6.9E3,1.2E3,484.2969,484.3029,0.85,,,,,,,,,UNKNOWN,,,,,,,,,,
131,1.2E3,5.9E3,5.9E3,1.5E3,437.1885,437.1939,9,15.81,16.26,,437.1913,15.94,,,,,,,UNKNOWN,,,,,,,,,,,,,,,,,UNKNOWN,,,,,,,,,,,,,,,,,UNKNOWN,,,,,,,,,,,,,,,,,UNKNOWN,,,,,,,,,,,,,,,,,UNKNOWN,,,,,,,,,,,,,,,,,UNKNOWN,,,,,,,,,,,,,,,,,UNKNOWN,,,,,,,,,,,,,,,,,UNKNOWN,,,,,,,,,,,,,,,,,UNKNOWN,,,,,,,,,,,0.24,1.2E3,5.9E3,9,15.81,16.26,DETECTED,15.94,437.1913,1.67,5.9E3,1.5E3,437.1885,437.1939,2.34,,,,,,,,,UNKNOWN,,,,,,,,,,
132,1.1E3,1.1E4,1.1E4,2.0E3,454.2863,454.2932,14,16.85,17.45,,454.2903,17.11,,,,,,,UNKNOWN,,,,,,,,,,,,,,,,,UNKNOWN,,,,,,,,,,,,,,,,,UNKNOWN,,,,,,,,,,,,,,,,,UNKNOWN,,,,,,,,,,,,,,,,,UNKNOWN,,,,,,,,,,,,,,,,,UNKNOWN,,,,,,,,,,,,,,,,,UNKNOWN,,,,,,,,,,,,,,,,,UNKNOWN,,,,,,,,,,,,,,,,,UNKNOWN,,,,,,,,,,,0.18,1.1E3,7.1E3,7,16.85,17.33,DETECTED,16.96,454.2903,2.10,7.1E3,1.7E3,454.2863,454.2932,3.29,,,0.17,1.3E3,1.1E4,7,17.11,17.45,DETECTED,17.25,454.2903,1.25,1.1E4,2.0E3,454.2872,454.2922,1.48,,
133,1.2E3,7.3E3,7.3E3,9.4E2,433.0024,433.0070,3,1.74,1.97,,433.0049,1.83,,,,,,,UNKNOWN,,,,,,,,,,,,,,,,,UNKNOWN,,,,,,,,,,,,,,,,,UNKNOWN,,,,,,,,,,,,,,,,,UNKNOWN,,,,,,,,,,,,,,,,,UNKNOWN,,,,,,,,,,,,,,,,,UNKNOWN,,,,,,,,,,,,,,,,,UNKNOWN,,,,,,,,,,,,,,,,,UNKNOWN,,,,,,,,,,,,,,,,,UNKNOWN,,,,,,,,,,,,,,,,,UNKNOWN,,,,,,,,,,,0.13,1.2E3,7.3E3,3,1.74,1.97,DETECTED,1.83,433.0049,1.25,7.3E3,9.4E2,433.0024,433.0070,1.50,,
134,1.1E3,5.3E3,5.3E3,4.9E2,448.9764,448.9801,3,1.79,1.95,,448.9785,1.88,,,,,,,UNKNOWN,,,,,,,,,,,,,,,,,UNKNOWN,,,,,,,,,,,,,,,,,UNKNOWN,,,,,,,,,,,,,,,,,UNKNOWN,,,,,,,,,,,,,,,,,UNKNOWN,,,,,,,,,,,,,,,,,UNKNOWN,,,,,,,,,,,,,,,,,UNKNOWN,,,,,,,,,,,,,,,,,UNKNOWN,,,,,,,,,,,,,,,,,UNKNOWN,,,,,,,,,,,,,,,,,UNKNOWN,,,,,,,,,,,0.10,1.1E3,5.3E3,3,1.79,1.95,DETECTED,1.88,448.9785,0.87,5.3E3,4.9E2,448.9764,448.9801,0.75,,
135,1.2E3,7.2E3,7.2E3,1.3E3,203.0517,203.0546,3,2.04,2.32,,203.0527,2.08,,,,,,,UNKNOWN,,,,,,,,,,,,,,,,,UNKNOWN,,,,,,,,,,,,,,,,,UNKNOWN,,,,,,,,,,,,,,,,,UNKNOWN,,,,,,,,,,,,,,,,,UNKNOWN,,,,,,,,,,,,,,,,,UNKNOWN,,,,,,,,,,,,,,,,,UNKNOWN,,,,,,,,,,,,,,,,,UNKNOWN,,,,,,,,,,,,,,,,,UNKNOWN,,,,,,,,,,,,,,,,,UNKNOWN,,,,,,,,,,,0.22,1.2E3,7.2E3,3,2.04,2.32,DETECTED,2.08,203.0527,3.13,7.2E3,1.3E3,203.0517,203.0546,5.26,,
136,1.3E3,5.9E3,5.9E3,8.1E2,276.1447,276.1509,11,2.32,2.50,,276.1481,2.39,,,,,,,UNKNOWN,,,,,,,,,,,,,,,,,UNKNOWN,,,,,,,,,,,,,,,,,UNKNOWN,,,,,,,,,,,,,,,,,UNKNOWN,,,,,,,,,,,,,,,,,UNKNOWN,,,,,,,,,,,,,,,,,UNKNOWN,,,,,,,,,,,,,,,,,UNKNOWN,,,,,,,,,,,,,,,,,UNKNOWN,,,,,,,,,,,,,,,,,UNKNOWN,,,,,,,,,,,,,,,,,UNKNOWN,,,,,,,,,,,0.18,1.3E3,5.9E3,11,2.32,2.50,DETECTED,2.39,276.1481,1.33,5.9E3,8.1E2,276.1447,276.1509,1.67,,
137,1.3E3,7.3E3,7.3E3,1.1E3,268.0990,268.1053,18,3.24,3.54,,268.1025,3.34,,,,,,,UNKNOWN,,,,,,,,,,,,,,,,,UNKNOWN,,,,,,,,,,,,,,,,,UNKNOWN,,,,,,,,,,,,,,,,,UNKNOWN,,,,,,,,,,,,,,,,,UNKNOWN,,,,,,,,,,,,,,,,,UNKNOWN,,,,,,,,,,,,,,,,,UNKNOWN,,,,,,,,,,,,,,,,,UNKNOWN,,,,,,,,,,,,,,,,,UNKNOWN,,,,,,,,,,,,,,,,,UNKNOWN,,,,,,,,,,,0.13,1.3E3,7.3E3,18,3.24,3.54,DETECTED,3.34,268.1025,1.53,7.3E3,1.1E3,268.0990,268.1053,2.22,,
138,1.2E3,6.2E3,6.2E3,1.3E3,310.1263,310.1302,30,3.59,3.89,,310.1277,3.70,,,,,,,UNKNOWN,,,,,,,,,,,,,,,,,UNKNOWN,,,,,,,,,,,,,,,,,UNKNOWN,,,,,,,,,,,,,,,,,UNKNOWN,,,,,,,,,,,,,,,,,UNKNOWN,,,,,,,,,,,,,,,,,UNKNOWN,,,,,,,,,,,,,,,,,UNKNOWN,,,,,,,,,,,,,,,,,UNKNOWN,,,,,,,,,,,,,,,,,UNKNOWN,,,,,,,,,,,,,,,,,UNKNOWN,,,,,,,,,,,0.31,1.2E3,6.2E3,30,3.59,3.89,DETECTED,3.70,310.1277,1.32,6.2E3,1.3E3,310.1263,310.1302,1.65,,
139,1.2E3,6.1E3,6.1E3,7.8E2,188.0703,188.0719,5,5.46,5.67,,188.0711,5.53,,,,,,,UNKNOWN,,,,,,,,,,,,,,,,,UNKNOWN,,,,,,,,,,,,,,,,,UNKNOWN,,,,,,,,,,,,,,,,,UNKNOWN,,,,,,,,,,,,,,,,,UNKNOWN,,,,,,,,,,,,,,,,,UNKNOWN,,,,,,,,,,,,,,,,,UNKNOWN,,,,,,,,,,,,,,,,,UNKNOWN,,,,,,,,,,,,,,,,,UNKNOWN,,,,,,,,,,,,,,,,,UNKNOWN,,,,,,,,,,,0.12,1.2E3,6.1E3,5,5.46,5.67,DETECTED,5.53,188.0711,1.54,6.1E3,7.8E2,188.0703,188.0719,2.08,,
140,1.2E3,2.6E4,2.6E4,4.3E3,417.1129,417.1174,16,7.40,7.83,1,417.1140,7.49,,,,,,,UNKNOWN,,,,,,,,,,,,,,,,,UNKNOWN,,,,,,,,,,,,,,,,,UNKNOWN,,,,,,,,,,,,,,,,,UNKNOWN,,,,,,,,,,,,,,,,,UNKNOWN,,,,,,,,,,,,,,,,,UNKNOWN,,,,,,,,,,,,,,,,,UNKNOWN,,,,,,,,,,,,,,,,,UNKNOWN,,,,,,,,,,,,,,,,,UNKNOWN,,,,,,,,,,,,,,,,,UNKNOWN,,,,,,,,,,,0.14,1.2E3,2.6E4,16,7.40,7.83,DETECTED,7.49,417.1140,2.32,2.6E4,4.3E3,417.1129,417.1174,3.13,1,2
141,1.1E3,1.2E4,1.2E4,1.9E3,255.0595,255.0644,11,7.41,7.77,,255.0614,7.50,,,,,,,UNKNOWN,,,,,,,,,,,,,,,,,UNKNOWN,,,,,,,,,,,,,,,,,UNKNOWN,,,,,,,,,,,,,,,,,UNKNOWN,,,,,,,,,,,,,,,,,UNKNOWN,,,,,,,,,,,,,,,,,UNKNOWN,,,,,,,,,,,,,,,,,UNKNOWN,,,,,,,,,,,,,,,,,UNKNOWN,,,,,,,,,,,,,,,,,UNKNOWN,,,,,,,,,,,,,,,,,UNKNOWN,,,,,,,,,,,0.14,1.1E3,1.2E4,11,7.41,7.77,DETECTED,7.50,255.0614,2.00,1.2E4,1.9E3,255.0595,255.0644,2.79,,
142,1.1E3,9.0E3,9.0E3,1.6E3,271.0539,271.0584,12,8.50,8.84,,271.0563,8.59,,,,,,,UNKNOWN,,,,,,,,,,,,,,,,,UNKNOWN,,,,,,,,,,,,,,,,,UNKNOWN,,,,,,,,,,,,,,,,,UNKNOWN,,,,,,,,,,,,,,,,,UNKNOWN,,,,,,,,,,,,,,,,,UNKNOWN,,,,,,,,,,,,,,,,,UNKNOWN,,,,,,,,,,,,,,,,,UNKNOWN,,,,,,,,,,,,,,,,,UNKNOWN,,,,,,,,,,,,,,,,,UNKNOWN,,,,,,,,,,,0.15,1.1E3,9.0E3,12,8.50,8.84,DETECTED,8.59,271.0563,1.88,9.0E3,1.6E3,271.0539,271.0584,15.15,,
143,1.0E3,2.3E4,2.3E4,3.9E3,433.1080,433.1116,17,8.49,8.91,1,433.1091,8.59,,,,,,,UNKNOWN,,,,,,,,,,,,,,,,,UNKNOWN,,,,,,,,,,,,,,,,,UNKNOWN,,,,,,,,,,,,,,,,,UNKNOWN,,,,,,,,,,,,,,,,,UNKNOWN,,,,,,,,,,,,,,,,,UNKNOWN,,,,,,,,,,,,,,,,,UNKNOWN,,,,,,,,,,,,,,,,,UNKNOWN,,,,,,,,,,,,,,,,,UNKNOWN,,,,,,,,,,,,,,,,,UNKNOWN,,,,,,,,,,,0.15,1.0E3,2.3E4,17,8.49,8.91,DETECTED,8.59,433.1091,2.03,2.3E4,3.9E3,433.1080,433.1116,2.64,1,2
144,1.1E3,7.4E3,7.4E3,9.2E2,459.1215,459.1276,10,9.03,9.26,,459.1239,9.10,,,,,,,UNKNOWN,,,,,,,,,,,,,,,,,UNKNOWN,,,,,,,,,,,,,,,,,UNKNOWN,,,,,,,,,,,,,,,,,UNKNOWN,,,,,,,,,,,,,,,,,UNKNOWN,,,,,,,,,,,,,,,,,UNKNOWN,,,,,,,,,,,,,,,,,UNKNOWN,,,,,,,,,,,,,,,,,UNKNOWN,,,,,,,,,,,,,,,,,UNKNOWN,,,,,,,,,,,,,,,,,UNKNOWN,,,,,,,,,,,0.10,1.1E3,7.4E3,10,9.03,9.26,DETECTED,9.10,459.1239,1.58,7.4E3,9.2E2,459.1215,459.1276,2.40,,
145,1.1E3,8.5E3,8.5E3,1.2E3,475.1156,475.1205,13,10.12,10.39,,475.1176,10.19,,,,,,,UNKNOWN,,,,,,,,,,,,,,,,,UNKNOWN,,,,,,,,,,,,,,,,,UNKNOWN,,,,,,,,,,,,,,,,,UNKNOWN,,,,,,,,,,,,,,,,,UNKNOWN,,,,,,,,,,,,,,,,,UNKNOWN,,,,,,,,,,,,,,,,,UNKNOWN,,,,,,,,,,,,,,,,,UNKNOWN,,,,,,,,,,,,,,,,,UNKNOWN,,,,,,,,,,,,,,,,,UNKNOWN,,,,,,,,,,,0.13,1.1E3,8.5E3,13,10.12,10.39,DETECTED,10.19,475.1176,1.80,8.5E3,1.2E3,475.1156,475.1205,2.55,,
146,1.0E3,5.6E4,5.6E4,9.3E3,274.2681,274.2721,29,11.22,11.82,1,274.2712,11.32,,,,,,,UNKNOWN,,,,,,,,,,,,,,,,,UNKNOWN,,,,,,,,,,,,,,,,,UNKNOWN,,,,,,,,,,,,,,,,,UNKNOWN,,,,,,,,,,,,,,,,,UNKNOWN,,,,,,,,,,,,,,,,,UNKNOWN,,,,,,,,,,,,,,,,,UNKNOWN,,,,,,,,,,,,,,,,,UNKNOWN,,,,,,,,,,,,,,,,,UNKNOWN,,,,,,,,,,,,,,,,,UNKNOWN,,,,,,,,,,,0.13,1.0E3,5.6E4,29,11.22,11.82,DETECTED,11.32,274.2712,2.27,5.6E4,9.3E3,274.2681,274.2721,2.69,1,2
147,1.1E3,5.3E3,5.3E3,6.2E2,318.2941,318.2998,13,11.32,11.54,,318.2964,11.39,,,,,,,UNKNOWN,,,,,,,,,,,,,,,,,UNKNOWN,,,,,,,,,,,,,,,,,UNKNOWN,,,,,,,,,,,,,,,,,UNKNOWN,,,,,,,,,,,,,,,,,UNKNOWN,,,,,,,,,,,,,,,,,UNKNOWN,,,,,,,,,,,,,,,,,UNKNOWN,,,,,,,,,,,,,,,,,UNKNOWN,,,,,,,,,,,,,,,,,UNKNOWN,,,,,,,,,,,,,,,,,UNKNOWN,,,,,,,,,,,0.11,1.1E3,5.3E3,13,11.32,11.54,DETECTED,11.39,318.2964,1.58,5.3E3,6.2E2,318.2941,318.2998,2.44,,
148,1.0E3,1.6E4,1.6E4,3.4E3,302.3000,302.3051,9,12.59,13.10,,302.3026,12.67,,,,,,,UNKNOWN,,,,,,,,,,,,,,,,,UNKNOWN,,,,,,,,,,,,,,,,,UNKNOWN,,,,,,,,,,,,,,,,,UNKNOWN,,,,,,,,,,,,,,,,,UNKNOWN,,,,,,,,,,,,,,,,,UNKNOWN,,,,,,,,,,,,,,,,,UNKNOWN,,,,,,,,,,,,,,,,,UNKNOWN,,,,,,,,,,,,,,,,,UNKNOWN,,,,,,,,,,,,,,,,,UNKNOWN,,,,,,,,,,,0.18,1.0E3,1.6E4,9,12.59,13.10,DETECTED,12.67,302.3026,3.21,1.6E4,3.4E3,302.3000,302.3051,4.59,,
149,1.0E3,1.3E4,1.3E4,4.1E3,330.3313,330.3371,33,14.03,14.73,,330.3346,14.17,,,,,,,UNKNOWN,,,,,,,,,,,,,,,,,UNKNOWN,,,,,,,,,,,,,,,,,UNKNOWN,,,,,,,,,,,,,,,,,UNKNOWN,,,,,,,,,,,,,,,,,UNKNOWN,,,,,,,,,,,,,,,,,UNKNOWN,,,,,,,,,,,,,,,,,UNKNOWN,,,,,,,,,,,,,,,,,UNKNOWN,,,,,,,,,,,,,,,,,UNKNOWN,,,,,,,,,,,,,,,,,UNKNOWN,,,,,,,,,,,0.29,1.0E3,1.3E4,33,14.03,14.73,DETECTED,14.17,330.3346,2.68,1.3E4,4.1E3,330.3313,330.3371,3.99,,
150,1.0E3,2.1E4,2.1E4,4.1E3,518.3165,518.3252,43,15.16,15.71,1,518.3225,15.34,,,,,,,UNKNOWN,,,,,,,,,,,,,,,,,UNKNOWN,,,,,,,,,,,,,,,,,UNKNOWN,,,,,,,,,,,,,,,,,UNKNOWN,,,,,,,,,,,,,,,,,UNKNOWN,,,,,,,,,,,,,,,,,UNKNOWN,,,,,,,,,,,,,,,,,UNKNOWN,,,,,,,,,,,,,,,,,UNKNOWN,,,,,,,,,,,,,,,,,UNKNOWN,,,,,,,,,,,,,,,,,UNKNOWN,,,,,,,,,,,0.16,1.0E3,2.1E4,43,15.16,15.71,DETECTED,15.34,518.3225,1.82,2.1E4,4.1E3,518.3165,518.3252,2.51,1,2
151,1.0E3,6.4E3,6.4E3,1.7E3,640.3400,640.3502,19,15.46,15.90,,640.3435,15.61,,,,,,,UNKNOWN,,,,,,,,,,,,,,,,,UNKNOWN,,,,,,,,,,,,,,,,,UNKNOWN,,,,,,,,,,,,,,,,,UNKNOWN,,,,,,,,,,,,,,,,,UNKNOWN,,,,,,,,,,,,,,,,,UNKNOWN,,,,,,,,,,,,,,,,,UNKNOWN,,,,,,,,,,,,,,,,,UNKNOWN,,,,,,,,,,,,,,,,,UNKNOWN,,,,,,,,,,,,,,,,,UNKNOWN,,,,,,,,,,,0.28,1.0E3,6.4E3,19,15.46,15.90,DETECTED,15.61,640.3435,1.44,6.4E3,1.7E3,640.3400,640.3502,1.92,,
152,1.1E3,1.4E4,1.4E4,3.9E3,536.2807,536.2903,11,15.76,16.33,,536.2837,15.92,,,,,,,UNKNOWN,,,,,,,,,,,,,,,,,UNKNOWN,,,,,,,,,,,,,,,,,UNKNOWN,,,,,,,,,,,,,,,,,UNKNOWN,,,,,,,,,,,,,,,,,UNKNOWN,,,,,,,,,,,,,,,,,UNKNOWN,,,,,,,,,,,,,,,,,UNKNOWN,,,,,,,,,,,,,,,,,UNKNOWN,,,,,,,,,,,,,,,,,UNKNOWN,,,,,,,,,,,,,,,,,UNKNOWN,,,,,,,,,,,0.26,1.1E3,1.4E4,11,15.76,16.33,DETECTED,15.92,536.2837,2.02,1.4E4,3.9E3,536.2807,536.2903,2.24,,
153,2.4E3,3.0E4,3.0E4,5.2E3,520.3357,520.3408,11,16.05,16.33,1,520.3384,16.17,,,,,,,UNKNOWN,,,,,,,,,,,,,,,,,UNKNOWN,,,,,,,,,,,,,,,,,UNKNOWN,,,,,,,,,,,,,,,,,UNKNOWN,,,,,,,,,,,,,,,,,UNKNOWN,,,,,,,,,,,,,,,,,UNKNOWN,,,,,,,,,,,,,,,,,UNKNOWN,,,,,,,,,,,,,,,,,UNKNOWN,,,,,,,,,,,,,,,,,UNKNOWN,,,,,,,,,,,,,,,,,UNKNOWN,,,,,,,,,,,0.18,2.4E3,3.0E4,11,16.05,16.33,DETECTED,16.17,520.3384,1.16,3.0E4,5.2E3,520.3357,520.3408,1.35,1,2
154,1.0E3,2.3E4,2.3E4,3.9E3,478.2885,478.2939,11,16.24,16.71,1,478.2910,16.37,,,,,,,UNKNOWN,,,,,,,,,,,,,,,,,UNKNOWN,,,,,,,,,,,,,,,,,UNKNOWN,,,,,,,,,,,,,,,,,UNKNOWN,,,,,,,,,,,,,,,,,UNKNOWN,,,,,,,,,,,,,,,,,UNKNOWN,,,,,,,,,,,,,,,,,UNKNOWN,,,,,,,,,,,,,,,,,UNKNOWN,,,,,,,,,,,,,,,,,UNKNOWN,,,,,,,,,,,,,,,,,UNKNOWN,,,,,,,,,,,0.15,1.0E3,2.3E4,11,16.24,16.71,DETECTED,16.37,478.2910,1.63,2.3E4,3.9E3,478.2885,478.2939,3.18,1,2
155,1.4E3,8.9E4,8.9E4,3.0E4,520.3353,520.3414,16,16.33,17.30,1,520.3393,16.51,,,,,,,UNKNOWN,,,,,,,,,,,,,,,,,UNKNOWN,,,,,,,,,,,,,,,,,UNKNOWN,,,,,,,,,,,,,,,,,UNKNOWN,,,,,,,,,,,,,,,,,UNKNOWN,,,,,,,,,,,,,,,,,UNKNOWN,,,,,,,,,,,,,,,,,UNKNOWN,,,,,,,,,,,,,,,,,UNKNOWN,,,,,,,,,,,,,,,,,UNKNOWN,,,,,,,,,,,,,,,,,UNKNOWN,,,,,,,,,,,0.30,1.4E3,8.9E4,16,16.33,17.30,DETECTED,16.51,520.3393,2.16,8.9E4,3.0E4,520.3353,520.3414,2.59,1,2
156,1.1E3,1.7E4,1.7E4,2.6E3,1039.6621,1039.6709,12,16.42,16.71,1,1039.6675,16.53,,,,,,,UNKNOWN,,,,,,,,,,,,,,,,,UNKNOWN,,,,,,,,,,,,,,,,,UNKNOWN,,,,,,,,,,,,,,,,,UNKNOWN,,,,,,,,,,,,,,,,,UNKNOWN,,,,,,,,,,,,,,,,,UNKNOWN,,,,,,,,,,,,,,,,,UNKNOWN,,,,,,,,,,,,,,,,,UNKNOWN,,,,,,,,,,,,,,,,,UNKNOWN,,,,,,,,,,,,,,,,,UNKNOWN,,,,,,,,,,,0.13,1.1E3,1.7E4,12,16.42,16.71,DETECTED,16.53,1039.6675,1.36,1.7E4,2.6E3,1039.6621,1039.6709,1.51,1,2
157,1.2E3,7.2E3,7.2E3,1.5E3,496.3331,496.3405,11,16.85,17.21,,496.3377,16.98,,,,,,,UNKNOWN,,,,,,,,,,,,,,,,,UNKNOWN,,,,,,,,,,,,,,,,,UNKNOWN,,,,,,,,,,,,,,,,,UNKNOWN,,,,,,,,,,,,,,,,,UNKNOWN,,,,,,,,,,,,,,,,,UNKNOWN,,,,,,,,,,,,,,,,,UNKNOWN,,,,,,,,,,,,,,,,,UNKNOWN,,,,,,,,,,,,,,,,,UNKNOWN,,,,,,,,,,,,,,,,,UNKNOWN,,,,,,,,,,,0.19,1.2E3,7.2E3,11,16.85,17.21,DETECTED,16.98,496.3377,1.37,7.2E3,1.5E3,496.3331,496.3405,1.74,,
158,1.5E3,5.4E4,5.4E4,1.4E4,496.3344,496.3398,13,17.21,17.86,1,496.3387,17.42,,,,,,,UNKNOWN,,,,,,,,,,,,,,,,,UNKNOWN,,,,,,,,,,,,,,,,,UNKNOWN,,,,,,,,,,,,,,,,,UNKNOWN,,,,,,,,,,,,,,,,,UNKNOWN,,,,,,,,,,,,,,,,,UNKNOWN,,,,,,,,,,,,,,,,,UNKNOWN,,,,,,,,,,,,,,,,,UNKNOWN,,,,,,,,,,,,,,,,,UNKNOWN,,,,,,,,,,,,,,,,,UNKNOWN,,,,,,,,,,,0.23,1.5E3,5.4E4,13,17.21,17.86,DETECTED,17.42,496.3387,1.84,5.4E4,1.4E4,496.3344,496.3398,2.47,1,2
159,1.6E3,2.4E4,2.4E4,6.8E3,522.3497,522.3582,10,17.89,18.56,1,522.3537,18.14,,,,,,,UNKNOWN,,,,,,,,,,,,,,,,,UNKNOWN,,,,,,,,,,,,,,,,,UNKNOWN,,,,,,,,,,,,,,,,,UNKNOWN,,,,,,,,,,,,,,,,,UNKNOWN,,,,,,,,,,,,,,,,,UNKNOWN,,,,,,,,,,,,,,,,,UNKNOWN,,,,,,,,,,,,,,,,,UNKNOWN,,,,,,,,,,,,,,,,,UNKNOWN,,,,,,,,,,,,,,,,,UNKNOWN,,,,,,,,,,,0.25,1.6E3,2.4E4,10,17.89,18.56,DETECTED,18.14,522.3537,1.28,2.4E4,6.8E3,522.3497,522.3582,1.67,1,2
